danceability,energy,loudness,speechiness,acousticness,instrumentalness,liveness,valence,tempo,id,duration_ms
0.776,0.808,-4.501,0.117,0.0297,0.000127,0.103,0.494,123.988,0z8hI3OPS8ADPWtoCjjLl6,184104
0.617,0.741,-3.97,0.0311,0.131,0.0,0.0772,0.306,118.984,1D4PL9B8gOg78jiHg3FvBb,236267
0.148,0.133,-35.982,0.248,0.788,0.857,0.112,0.0297,65.265,4Rl9M2fGPoxqqFoFlbenxz,63880
0.452,0.909,-3.977,0.0366,0.0313,0.0603,0.23,0.805,124.623,1v2zyAJrChw5JnfafSkwkJ,225787
0.905,0.53,-7.801,0.284,0.386,8.61e-05,0.182,0.505,136.045,2zomOrcP6peq11Zr13DRQT,184412
0.774,0.452,-8.009,0.274,0.0719,0.0,0.262,0.346,149.922,1crx4pAM3V4KD6EV4ydFC4,104255
0.893,0.565,-4.74,0.268,0.0754,0.0,0.0375,0.808,81.009,1xMvdOFQaql3EBkHmuh2TK,156432
0.34,0.651,-5.29,0.0368,0.1,0.0,0.126,0.283,89.377,6gfL0o8vcKsgQETVB5w1uP,268400
0.301,0.842,-7.598,0.0783,0.14,0.658,0.111,0.127,150.539,6CtxOxEcKLHt7MYAP5pvpl,199322
0.456,0.946,-5.572,0.0567,3.62e-05,3.98e-06,0.336,0.405,90.094,4lDhUegBfuSYmL2REY3P8y,183750
0.641,0.538,-10.398,0.245,0.0901,0.0,0.205,0.296,79.038,6v1sy4kEyzRkrE9KLiD9Dz,212715
0.812,0.496,-5.969,0.297,0.271,0.0,0.0955,0.55,109.979,3z4CGd63tpUn9a6oQSG0CI,241293
0.562,0.73,-4.217,0.0299,0.00364,0.521,0.111,0.618,142.974,4uTd5yr4lOZewawDmOpQib,359173
0.812,0.472,-6.806,0.0603,0.26,0.0,0.285,0.457,92.951,7cM9Kqto11iJpY2RwgVJSq,240013
0.533,0.363,-7.626,0.0328,0.897,0.0,0.0961,0.198,135.956,5e6Mukej16riHefBUXzg9o,222794
0.885,0.286,-13.284,0.392,0.653,0.000102,0.101,0.199,97.495,2NMQM9hR5uzeRg98eiNKsz,147931
0.651,0.454,-8.808,0.0489,0.173,0.0,0.1,0.132,110.027,6e9NA7CWZwoT6V2c91fw8q,178920
0.523,0.919,-3.771,0.0383,4.58e-05,4.5e-06,0.168,0.385,110.017,1VGoxAxuw65pJW0ATxjFpu,194147
0.5,0.292,-8.554,0.0323,0.746,0.0,0.188,0.37,145.879,1almCHdsfikRPfVB9VrEdT,185200
0.715,0.712,-13.36,0.04,0.552,0.926,0.11,0.629,112.551,36AhCvv8NAVPr0eNsv2PrW,56533
0.805,0.909,-6.539,0.0505,0.00657,0.926,0.0674,0.635,122.004,3wbUuzRdemeNJuqnMNBC9m,536046
0.571,0.0274,-20.274,0.0649,0.948,6.43e-06,0.322,0.087,124.209,0gOz9JUXsaKVzLTSmFDtdo,316556
0.956,0.745,-4.753,0.12,0.206,0.0,0.0615,0.912,107.075,04KTF78FFg8sOHC1BADqbY,228240
0.501,0.666,-6.486,0.326,0.48,0.0,0.13,0.426,135.441,2WXyBlJYptmmNUcWn2qYV9,248003
0.38,0.43,-12.564,0.0288,0.546,1.71e-05,0.188,0.547,82.204,1QbOvACeYanja5pbnJbAmk,197813
0.426,0.228,-10.552,0.0322,0.198,0.13,0.0832,0.0822,147.994,01Q3OyB05mLgH01fpdAMPP,343253
0.694,0.496,-14.222,0.0329,0.0139,0.00356,0.0644,0.799,103.372,0DMRKqrpd0QO4RWiEdMib0,257187
0.645,0.705,-5.008,0.299,0.000813,0.0,0.128,0.376,137.133,51rXHuKN8Loc4sUlKPODgH,229670
0.534,0.392,-7.636,0.0267,0.649,0.000227,0.0948,0.163,90.379,28cnXtME493VX9NOw9cIUh,216533
0.757,0.832,-3.674,0.229,0.127,0.0,0.167,0.53,180.05,2fOjendzUzepHwR9QrVyYF,182400
0.482,0.473,-9.427,0.034,0.186,4.35e-05,0.111,0.145,72.992,6Q9rogwuZ8rQNMYUYFCx2I,206301
0.577,0.224,-11.479,0.035,0.867,0.0,0.112,0.53,153.758,0WznLeFE5gOyBU8mUyDx4d,217373
0.681,0.632,-8.702,0.0312,0.0106,0.577,0.106,0.383,121.991,2Of6ELgB41N4REAnQvbpwD,418658
0.641,0.919,-4.324,0.0447,0.0365,0.0,0.253,0.654,104.996,15IFcZRm4OUEQsIK2LADpq,181547
0.526,0.826,-3.806,0.0427,0.00388,0.0,0.059,0.733,139.995,7s4SQ94oDrWtjAvg4Uk1Ou,198347
0.905,0.884,-4.076,0.236,0.111,8.31e-05,0.107,0.588,135.048,6X5OFBbrsHRsyO1zP7udgr,186027
0.426,0.584,-5.293,0.296,0.0383,0.0,0.188,0.272,193.437,5mMjkxGijQB4JZallYrkOW,193213
0.549,0.754,-4.011,0.0407,0.000675,6.24e-06,0.0912,0.828,139.052,4JHg4nNYUJQ5HULcCmI18R,189693
0.33,0.954,-3.541,0.268,4.98e-05,0.0,0.0966,0.355,174.922,7qLbPd5yhm0Vne45PXPabV,233679
0.436,0.902,-4.861,0.0517,0.00125,0.0,0.347,0.53,171.997,06q6bjg5MsQyBlVRJcZbiv,162120
0.813,0.601,-7.552,0.116,0.189,0.0002,0.426,0.855,118.981,0WKmVAD4VWk5EdTyCFILi4,177479
0.519,0.625,-5.909,0.0482,0.349,0.0,0.121,0.21,120.103,65gLJGey4u4KFFqoC5fzFJ,203187
0.148,0.0722,-25.217,0.0427,0.944,0.148,0.115,0.0467,87.882,5pjDwtMPly0cNMbuGXhUOI,478573
0.477,0.934,-2.884,0.0803,0.0015,0.0,0.243,0.55,128.037,6FqBQIRLJMluO10YtDbETv,211119
0.558,0.727,-7.347,0.0811,0.000255,0.013,0.118,0.766,177.372,65GQ10fuDOjbZG1NIyqmA6,196281
0.557,0.358,-7.095,0.0329,0.731,6.14e-06,0.163,0.201,72.877,1saZ5nnaCWBjOK09izEK9c,229383
0.661,0.743,-6.224,0.0292,0.0758,0.0,0.318,0.577,139.959,4n19ZKX7g2DtVBccLO60OH,135432
0.537,0.518,-5.987,0.188,0.118,0.0,0.146,0.427,132.527,25qhnRgAcImQWfaswqRkwN,236032
0.752,0.865,-2.746,0.0709,0.44,0.0,0.0706,0.756,98.002,16unHNVNLbMabVCh2E0nl8,247520
0.8,0.362,-10.313,0.544,0.505,0.0,0.121,0.792,130.14,68Ijc4fPmT3P5BN6Vrl2s2,54840
0.294,0.988,-3.397,0.175,4.55e-06,0.00408,0.908,0.217,194.002,0dE3izdmhx1wfvO63ohzdw,175000
0.338,0.34,-12.049,0.0339,0.58,0.0032,0.116,0.197,82.433,0RO9W1xJoUEpq5MEelddFb,482830
0.556,0.57,-9.472,0.0393,0.0118,0.000526,0.198,0.304,126.01,6rLqjzGV5VMLDWEnuUqi8q,165227
0.464,0.936,-2.472,0.0964,0.0441,0.0592,0.131,0.273,150.044,56x8xKnAXBdAJVK3AgdsFm,201600
0.376,0.821,-3.974,0.104,0.0785,0.0,0.0823,0.331,120.462,5zUQZjVB6bfewBXWqsP9PY,199453
0.412,0.434,-13.3,0.0483,0.509,0.00735,0.24,0.505,94.84,12cMYRYTV2RTz4YTlOpgSu,339067
0.506,0.946,-3.651,0.0401,0.000291,0.0121,0.215,0.502,97.012,1gb6XmjKLsdILbHNiDzrtV,237291
0.573,0.739,-5.455,0.0581,0.212,0.0,0.175,0.363,120.077,4RVtBlHFKj51Ipvpfv5ER4,174062
0.739,0.14,-16.376,0.0503,0.992,0.067,0.12,0.589,61.007,7Af5aQzfpm2VxnCFsy6Tkx,104262
0.74,0.488,-7.664,0.27,0.234,0.0,0.241,0.584,149.042,7rvyVWja33WG9R97oeJAjx,120133
0.489,0.758,-6.491,0.0297,0.000678,0.49,0.092,0.435,112.113,7Jh1bpe76CNTCgdgAdBw4Z,371413
0.831,0.431,-9.653,0.521,0.74,0.0,0.173,0.495,129.672,1zsbPstcJxnY0zuKFFOKKZ,255924
0.587,0.939,-4.003,0.0406,0.00586,0.0251,0.216,0.458,86.999,6xBkC7d9kcdY6QD0ZuKGWe,316866
0.274,0.903,-3.125,0.064,0.0086,0.0,0.315,0.662,129.999,3BSPKTravgBDjmuG1rIXvw,261920
0.69,0.568,-7.039,0.53,0.0918,0.0,0.143,0.573,142.017,7N0mD5y6PRGNjcF8stOKMZ,237918
0.417,0.332,-9.482,0.0494,0.773,1.95e-05,0.109,0.172,119.156,74sb4Gib0cL3TQeCjYF8vh,253208
0.82,0.538,-8.535,0.0459,0.185,0.0,0.156,0.966,149.998,1zIdA3QeaQWluOM8ZdUX8u,170400
0.613,0.754,-6.051,0.0348,0.00612,0.0,0.129,0.703,110.017,6DhwlbAPbQlPyF595sfVrO,165034
0.552,0.638,-7.474,0.11,0.387,0.00014,0.374,0.332,167.834,5F1ZmucV0uJY14y2dYKePa,180019
0.786,0.65,-6.839,0.109,0.363,8.17e-05,0.122,0.712,92.975,1DcxnVNFAyVl2sDQ646pXS,129040
0.488,0.878,-5.241,0.0381,0.0103,0.0828,0.043,0.29,173.963,18JswBqtbjbIkPZTI9KK8a,292514
0.904,0.23,-20.174,0.178,0.922,0.0,0.111,0.971,84.013,7ym2c9z3JgkXVEQDk0sKn8,57857
0.485,0.54,-5.4,0.0253,0.668,0.0,0.0849,0.426,62.631,1i4F583d9v9RabcfOlKKVL,190933
0.728,0.431,-9.966,0.0622,0.749,0.0,0.0996,0.629,130.022,5RqR4ZCCKJDcBLIn4sih9l,147800
0.622,0.961,-3.198,0.154,0.00523,0.0,0.0854,0.449,114.452,0a7BloCiNzLDD9qSQHh5m7,180267
0.803,0.935,-7.467,0.0423,0.00137,0.831,0.0869,0.418,123.993,3voYKTZwwDFjtae7VdJocv,392906
0.465,0.772,-3.932,0.0378,0.0959,1.04e-05,0.167,0.257,155.83,5jm4Chbh5GpmtBX7cQ0Oh4,215640
0.557,0.54,-10.484,0.0347,0.0339,0.00248,0.179,0.394,129.171,6dGnYIeXmHdcikdzNNDMm2,185733
0.309,0.649,-8.994,0.035,0.0158,0.00591,0.367,0.312,166.915,7EZC6E7UjZe63f1jRmkWxt,306440
0.573,0.739,-5.74,0.129,0.0285,0.0,0.111,0.451,97.085,0wI7QkCcs8FUQE1OkXUIqd,230240
0.839,0.617,-4.692,0.331,0.241,0.0,0.3,0.821,143.894,4as4XEOR03oGm1STUKl6pa,194426
0.708,0.812,-4.475,0.0888,0.289,2.73e-05,0.125,0.0719,103.004,0qmJimv9uh5oiDEwmOrBk3,231032
0.705,0.209,-15.061,0.199,0.727,0.845,0.113,0.507,83.302,7v52k3ozNqjKGlFPWDiudw,95144
0.877,0.458,-15.522,0.277,0.677,0.0,0.215,0.854,95.979,22NW3cdLyoQ1HdQbo8mHN8,144401
0.259,0.473,-8.275,0.0295,0.592,0.0,0.201,0.539,90.348,74VR3AkGPhbYXnxcOYa16x,157867
0.617,0.635,-6.769,0.0317,0.0498,1.44e-05,0.164,0.446,103.019,6RUKPb4LETWmmr3iAEQktW,247160
0.42,0.0806,-15.948,0.0453,0.928,8.84e-05,0.105,0.431,178.438,1OLKRFVbiCVVj1w3gIcLo2,123391
0.543,0.754,-4.843,0.0406,0.00295,0.853,0.102,0.0375,174.003,3FxgatVZLNTP70wLvX59jz,273642
0.628,0.676,-5.911,0.0916,0.00957,2.65e-05,0.121,0.75,85.984,0VwNdo84DaVYLIkbVO86ND,193147
0.639,0.269,-11.435,0.0698,0.982,0.12,0.141,0.539,124.866,1pZn8AX1WulW8IO338hE5D,207827
0.488,0.209,-19.549,0.0369,0.374,5.05e-06,0.103,0.362,120.63,1KueOLeUZpaNRK2InckxVT,283493
0.394,0.944,-6.506,0.0761,0.00178,4.54e-06,0.298,0.265,105.338,6QewNVIDKdSl8Y3ycuHIei,292581
0.683,0.814,-5.17,0.251,0.00522,0.0131,0.33,0.81,159.96,1kTZ1aERsOBTrihsDdGFNn,104880
0.487,0.221,-17.799,0.0858,0.346,0.000159,0.112,0.11,109.154,39yJYuhAEqc6FYmWRLfDqq,122414
0.664,0.888,-6.465,0.0294,0.0356,0.0,0.0913,0.791,130.035,4TtkcCPD4SdVPhu2yFobMp,213267
0.614,0.972,-3.927,0.088,0.00125,0.0186,0.328,0.411,127.966,6eIacmhkE82vZlMDnGS7aP,170625
0.565,0.243,-8.367,0.0317,0.758,8.82e-06,0.285,0.239,81.655,0VsGaRXR5WAzpu51unJTis,243267
0.711,0.362,-10.851,0.0381,0.272,0.0,0.127,0.616,117.287,1tqT6DhmsrtQgyCKUwotiw,194293
0.678,0.966,-5.99,0.0523,0.374,0.482,0.34,0.233,189.988,6DSRKNP3eUVpHQ5dKGr4B9,202351
0.772,0.582,-5.14,0.0615,0.222,8.78e-05,0.108,0.319,117.856,64I0PKLFEKlcvc7fEVUGq0,180067
0.402,0.455,-8.236,0.0309,0.453,0.00788,0.0884,0.216,122.444,1EMJjU0isjfrDYMtieX5tI,409453
0.634,0.236,-14.442,0.0519,0.947,0.371,0.0801,0.81,89.875,0TEyUJfLDQs2f3KHsxh4Ue,36949
0.422,0.652,-6.162,0.0388,0.199,0.0,0.301,0.134,140.21,6hKpK6kgPW9QsQweJafcFl,182819
0.537,0.647,-7.37,0.0519,0.168,0.0,0.108,0.531,79.77,0LcNMuOiULmxJK3bdHTfDF,214987
0.719,0.935,-3.752,0.0589,0.167,0.0,0.0973,0.738,120.022,5BJSZocnCeSNeYMj3iVqM7,224227
0.37,0.515,-9.487,0.0321,0.0233,0.205,0.0966,0.42,115.732,3Z25k4ZF6QENy2d9YatsM5,467320
0.254,0.724,-6.513,0.0675,0.00876,0.0012,0.186,0.123,127.888,36ECEkodXYhLPyBHjZCEHh,316813
0.811,0.695,-3.942,0.246,0.395,0.0,0.109,0.51,93.991,4jBpZsZ9qx3cZhoEfuKElF,388800
0.339,0.342,-7.596,0.0313,0.962,0.319,0.162,0.393,132.599,6cU4urQRUieTBH08yKHAqj,167121
0.411,0.986,-2.522,0.0583,0.000264,0.00148,0.371,0.649,165.981,5BB0Jzw60KyfSTyjJqtely,205960
0.628,0.366,-12.123,0.15,0.707,0.00151,0.0986,0.449,119.818,63cZphP824AEsmGgLS1dH7,150000
0.465,0.455,-11.559,0.41,0.00238,0.0,0.0583,0.147,86.875,2AiLqglbITbnnTzrr34D9B,294560
0.697,0.457,-8.652,0.079,0.759,0.0,0.434,0.417,95.039,3TJ61OFvVel8dKqAPR34Xa,194842
0.671,0.672,-3.094,0.0688,0.0329,0.0,0.118,0.632,97.979,1OAh8uOEOvTDqkKFsKksCi,204173
0.484,0.47,-13.111,0.0679,0.58,0.0751,0.343,0.188,107.794,2wHIDNvfYyZWPpMqX3fDE4,349027
0.459,0.685,-6.511,0.323,0.0417,0.0,0.0712,0.477,67.991,00dN56qVyliIkSUscx6Elv,212880
0.419,0.152,-12.126,0.0277,0.326,0.0034,0.113,0.239,80.608,01SfTM5nfCou5gQL70r6gs,91760
0.408,0.153,-21.757,0.0422,0.857,4.58e-05,0.142,0.664,163.993,0WGNJspNKlShJIHfhHrMlC,154182
0.645,0.846,-6.909,0.0325,0.172,0.769,0.183,0.483,99.979,38qAsCFgD6lCOtl06nWpQD,172075
0.643,0.783,-6.458,0.0856,0.047,0.0,0.083,0.579,154.084,7iDa6hUg2VgEL1o1HjmfBn,163870
0.753,0.653,-14.414,0.0608,0.0517,0.438,0.289,0.246,109.996,500ouxcxTEi5VVq9seEXHD,459693
0.647,0.115,-16.826,0.0544,0.751,0.0,0.0858,0.597,131.508,1dZutYKh4BtPlxbC81wV34,47943
0.541,0.0918,-22.509,0.127,0.959,5.39e-05,0.125,0.453,113.139,2U8wCwUZdZeRbAorZwRabQ,38467
0.775,0.343,-14.188,0.28,0.000267,0.949,0.237,0.766,144.916,3gNWYvaYgf9qCbtcWauv5r,144405
0.65,0.649,-6.662,0.0451,0.213,0.0,0.176,0.397,75.009,0sXS0AVdwrs6OnNEcAAna4,206729
0.724,0.791,-5.411,0.169,0.0441,6.55e-06,0.239,0.856,176.011,2ktoFujjJtantyMoVdBJlX,256418
0.518,0.385,-14.636,0.0339,0.23,0.000226,0.124,0.712,86.604,4dBI72rgkmG0gTzswyBTzz,265547
0.622,0.712,-7.321,0.066,0.0573,0.0,0.13,0.487,140.025,2QZ7WLBE8h2y1Y5Fb8RYbH,211360
0.32,0.324,-8.531,0.0317,0.979,0.0135,0.156,0.36,68.254,78vuQfqYTHaLGPjeCr4VAw,173667
0.763,0.654,-8.596,0.19,0.101,0.0,0.0898,0.588,99.921,313vrMqHcZiCZwNGI0sREv,173557
0.395,0.875,-4.613,0.0448,0.0725,0.116,0.225,0.0656,86.956,6DJV0w34C2GAuKQqXzfHfy,285394
0.855,0.488,-4.601,0.208,0.506,0.0,0.347,0.619,124.097,5lAnYvAIkSDNXqfo7DyFUm,174253
0.634,0.861,-3.874,0.0387,0.0341,6.67e-06,0.0744,0.708,139.988,13AvBkyFz0QgNV54M8rSM3,204453
0.549,0.573,-7.285,0.0333,0.719,0.0665,0.442,0.797,131.123,0fwlPV7jI472wSgwetA0fv,227453
0.49,0.636,-6.529,0.158,0.00458,0.0,0.0832,0.3,99.945,6z6ISsTu3QRj7qTOnDzxr8,249600
0.73,0.664,-6.872,0.0346,0.372,0.0,0.225,0.719,95.005,19vrzibX1lFlT2V2ToVQkv,222511
0.618,0.812,-5.753,0.0311,0.122,3.2e-06,0.164,0.705,100.0,2dgxZM98rGyN2cI357Npeq,213107
0.749,0.491,-9.655,0.0403,0.02,0.00899,0.159,0.536,119.528,3vkQ5DAB1qQMYO4Mr9zJN6,292613
0.504,0.893,-4.801,0.0488,0.00556,1.83e-05,0.34,0.333,145.005,3I56OBwJkDAyt9L00c8ois,202912
0.203,0.0186,-24.277,0.0408,0.985,0.377,0.0728,0.0481,76.591,5F8rPLt2c52p0SK7kiH26b,415000
0.605,0.629,-5.051,0.0279,0.437,0.0,0.097,0.308,99.894,3nqqDo8CcCLke3ZoTgiOKf,241373
0.628,0.965,-3.691,0.049,0.0287,0.145,0.277,0.742,100.494,64b1loEezUKnjgnnqXoP1w,74083
0.354,0.267,-13.69,0.0281,0.731,0.000402,0.0858,0.113,94.219,08fa9LFcFBTcilB3iq2e2A,289749
0.399,0.258,-16.028,0.033,0.792,1.86e-06,0.128,0.192,108.174,1qCQTy0fTXerET4x8VHyr9,137520
0.794,0.832,-4.862,0.0407,0.237,1.14e-05,0.203,0.871,107.657,2lnzGkdtDj5mtlcOW2yRtG,196160
0.344,0.259,-23.17,0.0537,0.744,0.898,0.353,0.307,66.307,4oZgBrZz0w40nYbXCUL1E0,411037
0.68,0.315,-8.425,0.0391,0.913,0.0,0.712,0.361,117.614,359lSGQwvAM3aZA5UNwqiQ,236787
0.667,0.539,-9.161,0.251,0.902,0.828,0.108,0.168,79.923,3UNV3RoBorI6KvYS4B5D8l,168004
0.467,0.157,-9.649,0.0336,0.974,1.46e-06,0.0816,0.277,108.13,2d7LPtieXdIYzf7yHPooWd,242564
0.6,0.409,-9.204,0.029,0.275,3.78e-05,0.209,0.0786,123.048,44dXiMzNMQ4gY5RbbhJ4Y1,190000
0.737,0.494,-9.723,0.416,0.629,0.0,0.126,0.44,94.485,2WC4sK0ryyysQhtDok9Ytr,322160
0.439,0.447,-8.318,0.0436,0.111,0.0,0.303,0.11,121.48,1W7zkKgRv9mrLbfdQ8XyH3,177029
0.803,0.399,-9.414,0.301,0.0624,1.94e-06,0.119,0.716,129.937,3pLrem8WpMABgjieaYSOXI,103732
0.255,0.731,-4.276,0.17,0.0681,0.000208,0.28,0.624,157.059,6xXcZLCfj9Zb5LEwMsZWpq,62438
0.433,0.267,-10.419,0.0469,0.681,0.0,0.0811,0.255,93.072,02VOS5QRFc6i1XQVROAeDi,196365
0.797,0.559,-11.086,0.032,0.0521,0.000232,0.138,0.932,116.97,2MaLglXXcouyoh03rUROQ2,240333
0.327,0.295,-6.907,0.0313,0.775,0.0,0.107,0.143,148.574,6gDXbcILAyBa2skSdbUYq7,243373
0.743,0.411,-7.343,0.376,0.254,0.0,0.292,0.339,119.693,7t2eWdGWBTAxaXxaGqq9ts,140657
0.728,0.878,-6.926,0.0564,0.176,0.856,0.61,0.911,126.59,0LoQuiekvzqx7n8flgEKzF,262613
0.533,0.863,-5.827,0.0353,0.000312,0.0233,0.128,0.54,120.063,3rzBkM5fEOEMdgMewFstni,196413
0.459,0.925,-2.415,0.0442,0.0471,0.0,0.133,0.826,148.054,0RtIyGCAp35Hk2WYiTRHnH,220320
0.519,0.36,-8.575,0.105,0.822,0.0,0.177,0.7,97.42,1est72o2prNA80flC5ncoN,63080
0.917,0.692,-11.665,0.244,0.185,1.09e-05,0.0686,0.819,111.782,0tm6gsXe0LSm9zeSspyMQu,235840
0.32,0.466,-6.77,0.0374,0.00645,0.0,0.133,0.338,177.693,5ScbulRnixQ2XAdvrPMFjz,229304
0.322,0.14,-20.747,0.0489,0.906,0.759,0.125,0.285,92.122,1chTrqszWQEOP4RsNuOZf7,425000
0.795,0.623,-9.475,0.0904,0.236,0.0,0.13,0.564,102.008,16AMjfjbDM5vQUzlPYfdfw,195000
0.596,0.854,-5.114,0.463,0.0169,0.0,0.124,0.152,120.274,2iUXsYOEPhVqEBwsqP70rE,203418
0.125,0.0734,-21.889,0.0351,0.553,0.875,0.176,0.0347,96.982,7BmRd83zm8CHffrAPe2ZR7,710000
0.529,0.0582,-19.131,0.0617,0.883,0.125,0.116,0.357,93.486,6tL1ZlPRSihc6gyWhVfA8X,271893
0.434,0.988,-3.656,0.208,5.54e-05,0.0,0.335,0.253,152.949,3NLKLf0B5L6DLwKCylF5jC,219000
0.755,0.772,-5.585,0.4,0.128,0.0,0.157,0.678,132.906,3WyRgi8CzQnhzO0xw79tTS,141827
0.579,0.245,-13.804,0.0388,0.74,0.263,0.157,0.135,122.438,5D7tA30OHvvZccqsThf463,95410
0.279,0.993,-2.67,0.209,0.000278,0.000394,0.197,0.107,88.553,74WIE2htPZwxx4HgGhpf8i,220293
0.559,0.474,-6.495,0.341,0.0704,0.0,0.238,0.204,79.626,5LXdAueF0raRI8ZF3ywdWM,189890
0.723,0.393,-9.602,0.103,0.43,0.0,0.3,0.176,74.073,03GXDjo98jfXPVVingpP6f,210718
0.884,0.677,-5.603,0.283,0.0778,0.0,0.0732,0.584,101.868,3jagJCUbdqhDSPuxP8cAqF,263227
0.371,0.931,-2.297,0.0485,0.000619,0.0378,0.0943,0.145,86.935,6UNESFieJ7rXvEKO1V2Fw8,251034
0.391,0.568,-6.698,0.031,0.0477,2.35e-05,0.538,0.129,142.977,23STcG7v9HNwdqnROFSS8n,409147
0.703,0.868,-4.661,0.0291,0.15,0.132,0.104,0.733,121.03,1NDxZ7cFAo481dtYWdrUnR,193613
0.664,0.194,-15.487,0.0357,0.909,3.85e-05,0.0829,0.443,129.863,3898C4AbdbptwYet6547e5,321827
0.787,0.757,-6.459,0.0605,0.563,0.0,0.12,0.765,140.015,75LOt4i3Xlmpu8bFu4kdUR,284143
0.589,0.471,-4.908,0.0262,0.674,0.0,0.105,0.262,95.972,7LyBwug9tJgbaEzRCqtY78,224586
0.504,0.952,-4.397,0.0869,0.000188,0.0207,0.916,0.121,96.036,0Lr2ulOp0q0QxUqe60rPj7,178202
0.821,0.76,-5.218,0.317,0.473,0.0,0.134,0.581,145.014,7wWCFdR4wTt2ZKkyl17J8i,212419
0.482,0.829,-5.576,0.0437,0.00034,0.0,0.378,0.739,147.99,0l4DTppOxy7NUaEcwXuOb6,212307
0.603,0.631,-6.707,0.0284,0.0557,2.08e-05,0.311,0.21,98.481,6QA6DvYdq1qZRMaVDOhWgB,219347
0.825,0.3,-13.747,0.334,0.312,3.1e-05,0.103,0.0666,120.003,3oIdS7EYzCblDXv2xsJmQD,192288
0.46,0.633,-7.153,0.0404,0.613,0.0,0.274,0.515,106.331,0qxiaagtTvTeNvzxHHc441,503787
0.612,0.709,-4.03,0.045,0.0499,0.0465,0.108,0.0784,173.951,3z2PHL12QYahVJk4Jb0Mqz,295155
0.753,0.539,-9.117,0.537,0.0582,0.0,0.353,0.519,99.455,6KRHMYPIWRgFWlXPgqO2Fp,142640
0.611,0.39,-5.861,0.116,0.625,0.0,0.118,0.617,163.897,0ZAiqymvbQUZAh9y6ZT3Rm,159512
0.794,0.777,-2.457,0.18,0.433,0.0,0.579,0.811,90.032,0UfVfRSmy4xMyi67LKH5zZ,266774
0.627,0.907,-2.753,0.235,0.0133,0.0,0.0718,0.427,130.143,0YrW636hOLg9ZLuPflIqFi,215167
0.41,0.803,-5.363,0.0623,0.239,0.0,0.103,0.814,153.315,5xoUgPXbMNUmoHU0Enwtwq,169307
0.341,0.287,-10.683,0.0386,0.586,0.0,0.1,0.423,78.287,1lSnBlAErRss6asu9Y5HuA,250150
0.317,0.545,-6.439,0.0469,0.039,0.0,0.116,0.14,139.014,6sHxpnCerm9M6A5zaFFNfs,205462
0.513,0.146,-19.951,0.0322,0.0693,0.0483,0.105,0.141,98.015,5beDdKPoXPWSwMVlHe6ht5,126122
0.612,0.196,-19.489,0.0359,0.706,0.319,0.111,0.142,73.489,7fyG2MquxykO3Ufiku1Dj2,158801
0.575,0.49,-7.078,0.0296,0.491,1.53e-06,0.111,0.25,82.099,61z9IwYcBVM9XtStz6IXIp,205314
0.561,0.0848,-15.099,0.0404,0.913,2.62e-05,0.112,0.206,102.128,4CxFN5zON70B3VOPBYbd6P,219147
0.708,0.834,-4.14,0.0461,0.0961,0.000453,0.0324,0.904,139.98,3RkXu1QcaPLbloNlK3hAGW,181607
0.806,0.368,-12.745,0.868,0.363,0.0,0.11,0.457,81.034,18wBygantQ9hYTzPgpSVTk,142289
0.773,0.814,-4.761,0.336,0.0877,1.98e-05,0.0758,0.695,142.005,3m4uDi8X57XVTzAjb9btNh,166549
0.553,0.546,-7.459,0.0341,0.439,0.000557,0.167,0.7,118.214,1xicvSO4CJ2ymqYgpk7DFh,342067
0.587,0.346,-15.839,0.252,0.59,0.00531,0.103,0.354,103.972,5h0rbnR0mbNj5kYpvl6u3F,185125
0.63,0.694,-6.257,0.0253,0.00281,0.0,0.0719,0.216,97.005,04ZTP5KsCypmtCmQg5tH9R,195519
0.547,0.89,-5.493,0.0403,0.00854,0.22,0.0834,0.302,122.914,6mrGSJoB0zYOvOiZBgkXfH,294886
0.766,0.756,-5.861,0.132,0.213,0.0,0.349,0.716,94.027,1RouRzlg8OKFeqc6LvdxmB,230000
0.8,0.608,-9.777,0.111,0.0711,0.000361,0.0466,0.842,113.196,5rc28C9Ym7zIAypx3QGcnv,296027
0.819,0.896,-6.094,0.04,0.0307,0.525,0.015,0.93,121.013,4Keq8d63cPQyTjsxcSmumj,416815
0.675,0.138,-10.719,0.0395,0.877,0.00138,0.124,0.0367,122.092,7yw6EWzPfNEWqKTqhuS4v5,211960
0.643,0.589,-4.793,0.12,0.201,0.0,0.108,0.324,158.108,3cLLfUGDcr5VSU3R4GsAOG,171947
0.418,0.249,-13.744,0.0301,0.841,0.661,0.112,0.213,82.803,6FLwmdmW77N1Pxb1aWsZmO,218547
0.679,0.61,-10.936,0.0305,0.585,9.51e-05,0.156,0.554,123.978,1nYzjrdVQ8RpF93M0jPFW7,227186
0.921,0.467,-8.443,0.119,0.0149,0.000238,0.334,0.287,135.995,0dSIrRkA4PadGll16TgbnV,191252
0.578,0.756,-5.82,0.115,0.157,0.000232,0.249,0.663,176.739,5imShWWzwqfAJ9gXFpGAQh,201173
0.557,0.311,-7.756,0.0595,0.616,0.0,0.264,0.435,116.397,3nVSQ5Q1CkQiHZVP4szieY,249107
0.575,0.604,-7.223,0.0452,0.015,0.0,0.0725,0.517,74.974,6goM4VNCDajmBCqDNDarVe,218787
0.653,0.519,-10.164,0.0497,0.406,0.0209,0.101,0.822,98.883,1qRA5BS78u3gME0loMl9AA,153693
0.865,0.66,-10.61,0.0536,0.00708,0.667,0.0716,0.773,120.013,3d8PbKZmaZmDJxsO5hH3Qm,424562
0.483,0.941,-3.598,0.0575,0.000526,3.5e-06,0.31,0.503,156.033,5O9Dz0h08LuBi0aVvDcylh,232067
0.592,0.929,-3.9,0.108,0.00198,0.0,0.113,0.501,103.047,3MSyd7cyjSHIvYeubisAwG,178933
0.501,0.855,-6.672,0.0445,0.000545,0.000212,0.144,0.328,104.96,0ISKiZkYc8byIPZczJMuPq,284473
0.736,0.751,-5.588,0.034,0.0381,0.0,0.105,0.839,150.064,7cdy4PbCdDZZNjyxoZyE0c,209722
0.351,0.331,-10.316,0.0382,0.3,9.14e-06,0.0919,0.191,161.564,0GVuLQtPXFaL18ijEOqoAa,234360
0.679,0.568,-10.74,0.0423,0.422,0.00928,0.322,0.93,159.69,6VnpKLtfNH4Dk09YSGPSyR,242640
0.392,0.492,-14.757,0.057,0.572,0.959,0.109,0.175,80.016,1hQMzVXdoDZXcO16GOhWc5,153027
0.363,0.623,-4.97,0.0299,0.00848,0.0,0.0959,0.312,180.034,3gj2zNkF0yC0MMILQA3Qq5,240360
0.734,0.793,-4.731,0.0454,0.128,0.0,0.0658,0.511,89.961,2p9iGnFlpJ3HoO7croTATl,235315
0.676,0.576,-8.892,0.0257,0.603,0.000207,0.179,0.347,137.945,0hdHIFiqtFuT2VrQ6S9gtX,212428
0.504,0.918,-3.463,0.0517,0.00164,2.12e-05,0.78,0.539,92.031,5e3YOg6fIkP0wD5TyxcHOH,294827
0.875,0.443,-10.843,0.456,0.316,0.0,0.118,0.717,141.042,0mFrbJniEwJcqzq3FQD14s,173617
0.554,0.225,-11.324,0.0281,0.892,0.0321,0.107,0.221,104.007,0ElpbbncWT9aS7mgoqEHbQ,239880
0.713,0.573,-11.053,0.0444,0.125,0.938,0.102,0.165,123.976,6KYAD5ruYEBECCZ7cmrZgl,217155
0.862,0.689,-5.68,0.323,0.118,0.0,0.0729,0.364,83.964,2VIMXmWUIqhMqg6h5FOFPG,223787
0.726,0.404,-6.511,0.0912,0.864,0.223,0.107,0.196,119.808,1SYOeS2Zi59MVcqMH0k2ft,113174
0.793,0.65,-3.944,0.397,0.371,0.0,0.854,0.809,128.111,5UMMPHPp6vRP6ghPpSUOzp,243750
0.652,0.65,-6.513,0.0323,0.00611,3.17e-05,0.109,0.49,135.99,2jOfcBXWWSgBOywiXzhsdl,203382
0.548,0.691,-13.553,0.0369,0.015,0.106,0.144,0.667,137.145,4KfSdst7rW39C0sfhArdrz,261933
0.774,0.546,-8.002,0.108,0.0813,0.0,0.0938,0.177,137.943,7x8Dw98A4b0FOcPdPdax0b,227391
0.683,0.937,-6.335,0.0449,0.00481,0.0046,0.07,0.619,104.872,0lnxrQAd9ZxbhBBe7d8FO8,268653
0.737,0.408,-7.941,0.104,0.802,0.0,0.171,0.374,127.918,3n5te2xbUAPjzAnhLgA42z,190348
0.336,0.25,-7.374,0.0336,0.876,1.79e-06,0.11,0.339,86.982,4WI6mRgS7jYHpcgUe5h5CE,238794
0.416,0.965,-3.808,0.0624,0.000347,0.249,0.0997,0.108,175.012,6Teq2ah2KhQ0xa92cpFfUf,361125
0.676,0.44,-7.665,0.0646,0.697,0.0,0.205,0.173,135.934,68kc71kxyfuWFLTheYyZlO,160001
0.429,0.0581,-22.046,0.0374,0.935,0.62,0.11,0.281,180.659,4wACv3JAUdAzmRdGat6ZuK,187280
0.0754,0.0102,-35.69,0.0464,0.901,0.106,0.0817,0.0331,81.324,5CfxpBCYwfB17MMgARumHl,462162
0.359,0.691,-7.41,0.0552,0.00904,3.39e-05,0.351,0.292,160.093,5xjiWdFd7OvKZ6ySwwodXy,146570
0.518,0.14,-16.925,0.0506,0.981,0.00122,0.104,0.209,109.75,2FhTvTUcbTRIxvNmdpjtbw,211940
0.839,0.593,-5.73,0.0595,0.455,0.0,0.104,0.286,119.989,5SndulbLoco9ttfTnVSEa2,196000
0.646,0.439,-10.837,0.818,0.272,0.0,0.0945,0.528,160.387,6dr7ekfhlbquvsVY8D7gyk,156631
0.608,0.524,-10.266,0.0309,0.367,0.00254,0.115,0.797,86.204,3lh3iiiJeiBXHSZw6u0kh6,205613
0.584,0.478,-6.697,0.0303,0.429,1.22e-05,0.105,0.19,124.009,22DsTzy6N39XY4DrTQQXjN,283064
0.437,0.0857,-18.129,0.0384,0.84,0.641,0.0898,0.206,73.161,5uNtaTmigAubx5fLfO92AW,259413
0.364,0.679,-9.923,0.0642,0.497,6.43e-06,0.217,0.45,79.9,05aZ2boQ1yuAD4p4HyORbK,718960
0.557,0.585,-6.201,0.0431,0.036,0.0,0.176,0.305,63.392,4rVW6XqAsSaf5vOwc8FREW,196907
0.342,0.2,-13.569,0.0324,0.134,0.000153,0.341,0.0743,133.113,5yyRH93h4Pm6tXXYTxt7ea,286653
0.645,0.791,-5.48,0.0927,0.0406,0.0,0.293,0.601,153.952,61604SKj1Chhk2fEZlcy06,188573
0.56,0.783,-5.565,0.0372,0.046,0.0,0.101,0.387,114.997,02p3rWrBQP7Ik3xPhoNPsJ,197200
0.597,0.374,-9.041,0.0633,0.835,0.0,0.0591,0.341,89.903,6BwWFv9GR66ibD9pZO2W5E,153829
0.797,0.576,-8.055,0.0442,0.383,0.737,0.149,0.152,115.001,7JIp1FAaNEBjTerXUxeDTD,170347
0.578,0.926,-3.689,0.0548,0.00472,0.0127,0.14,0.877,149.976,2z4U9d5OAA4YLNXoCgioxo,220707
0.58,0.527,-6.972,0.361,0.287,0.0,0.367,0.177,177.853,1FJYqedfrSGitGHMvwRGBg,299000
0.602,0.705,-6.395,0.155,0.289,0.0,0.253,0.264,78.918,0ZHlXrGx8U3xZ9bOVvqrzL,210788
0.467,0.845,-4.121,0.062,0.0179,0.0,0.12,0.377,93.847,0x6h4q8yhkqWw3HAx2cj3O,212527
0.774,0.554,-7.909,0.0383,0.207,0.0,0.132,0.349,99.034,22LAwLoDA5b4AaGSkg6bKW,162547
0.967,0.668,-4.388,0.218,0.0932,6.02e-06,0.0937,0.382,124.006,1M5j2kkogO78mEsROrTQak,196933
0.606,0.57,-6.684,0.032,0.0217,8.47e-06,0.301,0.258,114.033,00aqkszH1FdUiJJWvX6iEl,325305
0.515,0.201,-10.866,0.0569,0.939,1.29e-06,0.0889,0.228,74.21,1AvTywVswvftxfT8iYTuxr,193628
0.47,0.436,-10.228,0.0351,0.67,0.263,0.294,0.0389,81.972,3kdlVcMVsSkbsUy8eQcBjI,248056
0.686,0.92,-6.231,0.0566,0.301,0.27,0.0807,0.225,135.027,0cJPLFrlV7TTCyPLupHzcH,511400
0.689,0.739,-8.91,0.0414,0.00168,0.842,0.111,0.335,119.0,4kVs5d1P8daSnqzPEWoPZC,374828
0.564,0.305,-14.224,0.063,0.794,0.0983,0.152,0.571,115.739,5eMz1VtT2zNtsyh1bDgDhb,266707
0.55,0.143,-15.685,0.241,0.956,0.0,0.195,0.224,74.918,3jZDWsoxRHzzp3DYV8qeXE,103400
0.62,0.584,-5.734,0.221,0.543,0.0,0.207,0.47,180.175,67PNnuIwS6vkiCCaveXQUY,130078
0.744,0.314,-12.733,0.419,0.0407,0.0301,0.31,0.807,91.636,0pu10j5pZafoaRsBMli5Iq,190007
0.67,0.905,-6.855,0.129,0.669,0.000227,0.349,0.563,104.965,3IznIgmXtrUaoPWpQTy5jB,167864
0.394,0.143,-18.075,0.0515,0.992,0.948,0.0828,0.309,66.891,7o578AiSa2RWeg8rWQ1xEL,211373
0.625,0.414,-8.7,0.0369,0.294,0.0,0.151,0.669,130.088,0IktbUcnAGrvD03AWnz3Q8,189613
0.699,0.907,-1.208,0.0544,0.0868,0.0,0.115,0.621,115.978,3WfaJhCL4p2JbdffJjV6Va,218994
0.497,0.716,-9.327,0.117,5.03e-05,0.894,0.192,0.629,112.405,3S7FfoPFtqs5A4w36bZcYM,233808
0.493,0.991,-3.577,0.167,5.92e-05,1.51e-05,0.329,0.307,131.999,7EriLdUbNa6RQDLaROa2Ye,218500
0.883,0.525,-8.054,0.0633,0.189,0.0,0.0971,0.312,99.978,2zjGJ0dChMR0KxBZS15aqo,174100
0.751,0.858,-5.932,0.185,0.0843,0.0,0.164,0.543,120.021,1PNQplgmCV84s4CYPf0Rr5,216000
0.651,0.835,-5.768,0.0464,0.00359,0.0,0.118,0.87,150.058,3F0xQdEqmXIbrYbtZ46InQ,204413
0.334,0.397,-7.993,0.0284,0.558,0.0774,0.126,0.035,93.445,0u4rkpmNtgcFxYHepnVF4v,273107
0.722,0.833,-3.915,0.094,0.0556,0.0,0.195,0.53,93.941,0jFHMDRXxKaREor3hBEEST,180000
0.58,0.279,-11.167,0.0307,0.778,0.931,0.108,0.306,158.009,1ZsUmKQt3RvaxuHVHbJlyI,337107
0.613,0.315,-11.706,0.0354,0.134,0.187,0.152,0.148,140.965,5s8ugwYxfOj9lHS9B8r7p9,166060
0.526,0.882,-4.006,0.0509,0.0014,0.0,0.144,0.424,144.982,4Dm32oO01YpIubCHaAtKkN,211493
0.691,0.0682,-18.186,0.0645,0.951,0.0,0.0916,0.352,76.94,6hjh2phISvfR1Ib6S0FK7b,222468
0.471,0.724,-7.174,0.0873,0.632,0.0,0.109,0.485,159.961,3dv1R3JLvC1ZNhWHKBYDTk,228921
0.496,0.639,-6.157,0.055,0.28,0.0,0.0975,0.305,147.764,00f9VGHfQhAHMCQ2bSjg3D,224720
0.8,0.922,-5.125,0.24,0.301,9.31e-06,0.0352,0.801,98.631,0s46SltT4On0Z6kglK1I5c,227867
0.338,0.276,-7.246,0.0402,0.915,0.0,0.107,0.427,190.773,7IcdktV2A60dCm8nQpm6JN,178285
0.493,0.291,-10.129,0.0298,0.903,2.04e-06,0.0818,0.238,77.289,0RgCDjkBW0pZoNQHuIdEu5,222856
0.814,0.899,-5.958,0.0637,0.00727,0.219,0.0979,0.545,119.011,4dvQg9sD8k9y4qiEURuj8v,242013
0.47,0.984,-3.783,0.0939,0.000133,0.000224,0.212,0.0368,130.055,6pfdW2NouUI3ZnugM7r0G0,175760
0.378,0.99,-1.594,0.0611,0.000469,5.75e-06,0.259,0.761,110.709,47EqCQZG5v4o0WFMufGf5S,131707
0.808,0.302,-16.705,0.119,0.157,0.0,0.309,0.537,108.161,2Hj3UANrsXGTClQlBSyIyj,155141
0.622,0.864,-6.196,0.0399,0.00275,0.00036,0.301,0.796,139.954,6dSEtLD9DHTaiygliV3kiO,225343
0.509,0.508,-11.33,0.0319,0.74,0.305,0.0979,0.366,79.923,5Ob2Wt2IifgoFrSFrBnRZJ,299671
0.798,0.607,-9.45,0.0824,0.122,0.0,0.106,0.332,139.051,6KcWUD5RzAyVbRNt0r8TcW,196952
0.433,0.307,-8.796,0.0327,0.65,0.0,0.0635,0.378,178.114,5V7mTIcXVU9k2JNu0mE6vy,176947
0.627,0.609,-8.427,0.205,0.05,0.0,0.194,0.575,118.161,26rvZvXZsbizgU7hsO9zN8,170267
0.625,0.542,-8.887,0.0389,0.00424,0.0778,0.119,0.571,127.976,7hdzA2l9jcGjZPoZG1Uwfd,357987
0.797,0.844,-5.482,0.275,0.0651,0.0,0.087,0.52,170.142,4dVpf9jZjcORqGTLUaeYj9,173600
0.49,0.679,-3.68,0.0309,0.00394,1.54e-05,0.0383,0.506,167.046,1hwJKpe0BPUsq6UUrwBWTw,261267
0.521,0.155,-12.147,0.0286,0.947,9.32e-06,0.103,0.16,75.003,348MCvZbnPrsHkxq6w8cif,261653
0.249,0.12,-22.729,0.032,0.928,0.968,0.0672,0.0739,95.766,2gEAHKw83WHPD875YqDHH2,285532
0.889,0.622,-7.182,0.0808,0.0039,0.881,0.111,0.282,120.033,5Z06cRTpjvvpJIPZjteZrU,108426
0.351,0.153,-11.954,0.0322,0.903,0.0,0.405,0.212,91.749,6WdcvzQADmrL8nucimUV6r,183893
0.765,0.772,-8.884,0.0453,0.0226,0.768,0.112,0.223,119.994,5f8jd7PHl0TNHycFqSAw47,164000
0.687,0.674,-5.248,0.0413,0.47,0.0,0.0611,0.515,105.038,5aHgzqUqrqlaS8mzAUfo8K,184978
0.751,0.714,-11.614,0.0374,0.317,0.0,0.639,0.935,124.379,0KpMY3D2G8253VTZbDBUmA,186093
0.551,0.428,-8.92,0.0847,0.658,0.0,0.65,0.44,138.452,28QGhVCx80IcpEb1Gswdk0,201413
0.529,0.0367,-21.63,0.0515,0.99,0.31,0.127,0.214,140.296,10El9hxviSBm7pChWxG1ib,330693
0.832,0.838,-5.414,0.0421,0.0791,0.0,0.152,0.965,100.021,5fRvePkRGdpn2nKacG7I6d,218733
0.919,0.615,-6.773,0.0897,0.00479,0.591,0.0648,0.88,119.992,18lWoxcpBJSM4URFuitYh9,352000
0.486,0.617,-7.115,0.0287,0.0954,3.23e-06,0.109,0.417,138.015,3Fcfwhm8oRrBvBZ8KGhtea,242373
0.649,0.453,-7.28,0.085,0.627,0.0,0.116,0.431,99.183,4ZT9FnbFu1PaBfV3itxiqT,181891
0.578,0.233,-10.39,0.0304,0.88,1.03e-05,0.125,0.266,103.989,26j2FyKsFcJmm5b1fiNDX3,199787
0.229,0.845,-6.824,0.113,0.000461,0.256,0.0798,0.142,144.761,3MgIvPwRJQ3H02Pg2R361m,213000
0.456,0.933,-3.386,0.057,4.72e-06,0.00043,0.37,0.568,96.624,7vEfK1zL7FF5SVy4s1sYUC,209840
0.491,0.879,-2.722,0.0652,0.391,0.0,0.342,0.571,160.092,2BlDX1yfT0ea5wo0vjCKKa,252133
0.802,0.42,-9.131,0.102,0.714,4.06e-06,0.11,0.603,130.121,4u81A6n7C0MonCyMx4lmMy,206557
0.933,0.878,-5.08,0.0791,0.0884,0.0,0.0833,0.409,123.025,02cKjhV0ZAWEsvQ8XS8WFC,125122
0.482,0.721,-6.839,0.0321,0.731,0.0,0.189,0.557,95.263,3AhXZa8sUQht0UEdBJgpGc,369600
0.745,0.835,-5.884,0.03,0.0277,0.000442,0.0781,0.686,129.961,3E8EmLpa484OcuHl79YUfi,228040
0.713,0.639,-5.529,0.0313,0.753,0.0,0.0878,0.737,125.959,2ajUl8lBLAXOXNpG4NEPMz,188067
0.206,0.0154,-22.923,0.0426,0.98,0.636,0.0662,0.116,83.68,6xwhCiWXREsAIQVZqHswVw,254000
0.613,0.822,-4.087,0.026,0.0092,0.506,0.429,0.567,105.997,3jjsRKEsF42ccXf8kWR3nu,128199
0.519,0.699,-6.538,0.0484,0.0026,0.729,0.119,0.0382,174.987,4bwRAPdSdJdg6n6RW98r0S,375446
0.767,0.538,-6.044,0.052,0.68,0.0,0.192,0.343,81.031,4mHgYpuGHu99Mw69E83CP2,121680
0.66,0.689,-2.671,0.0337,0.0884,0.0,0.0922,0.427,127.98,4sOX1nhpKwFWPvoMMExi3q,221075
0.773,0.758,-4.993,0.0381,0.0422,0.0,0.305,0.925,144.033,6RtPijgfPKROxEzTHNRiDp,224840
0.799,0.66,-6.153,0.079,0.256,0.0,0.111,0.471,140.04,02kDW379Yfd5PzW5A6vuGt,195429
0.887,0.516,-8.187,0.658,0.0691,0.0,0.617,0.828,77.977,3lXyAQ0kekAvY5LodpWmUs,106646
0.563,0.565,-5.514,0.376,0.065,0.000169,0.0855,0.818,169.842,5O3cRP4ZHC9vvVIHtET1f0,203667
0.897,0.349,-15.477,0.462,0.0734,0.0,0.366,0.643,141.105,6W9xXLAsqSSZjENz1I0l7a,194049
0.894,0.796,-3.119,0.0807,0.156,0.000106,0.118,0.408,99.993,4pN7yDeBmmAud5lBtuCsVs,240307
0.564,0.669,-8.485,0.0451,0.119,0.000225,0.142,0.589,107.942,2e8iGLGq0iO4jcdqXoWHNS,153653
0.509,0.671,-5.709,0.0678,0.304,0.0,0.0452,0.55,118.413,7x5xYW5W42OGPAdHUyyguy,227480
0.494,0.944,-2.736,0.0938,0.086,0.0,0.126,0.791,100.919,54D3nSOdrCbfh0MT9NJceq,250842
0.734,0.637,-5.677,0.141,0.0462,2.29e-05,0.0602,0.648,169.977,3CRDbSIZ4r5MsZ0YwxuEkn,202333
0.659,0.698,-10.252,0.0687,0.109,0.00864,0.0836,0.221,120.022,1BpG59DLyW6jZxN2PYiUA3,329787
0.211,0.0262,-22.08,0.0377,0.972,0.476,0.0757,0.098,81.192,2Au50d6aZrsYrbxQzDjjYW,254500
0.121,0.876,-2.979,0.104,0.00108,3.31e-05,0.39,0.346,76.059,2FskEqe5Q1wDnbflIHinYa,188613
0.629,0.309,-14.213,0.0768,0.898,0.936,0.46,0.184,33.505,1NkyGvvH5Vai7qC24P9bqm,316186
0.545,0.67,-8.81,0.0496,0.009,0.000822,0.0451,0.481,151.553,5e9TFTbltYBg2xThimr0rU,270213
0.504,0.727,-5.706,0.0294,0.3,0.0,0.11,0.376,111.842,37OrUbc1TM9uqunuIwhL1G,541440
0.664,0.422,-11.738,0.0552,0.388,0.000107,0.0626,0.533,89.263,71KwWlZvuikRRORNH3xvCq,327773
0.918,0.394,-10.786,0.32,0.216,0.0,0.085,0.441,120.016,0uYMerBHiIHrCv9FHfzUMe,120307
0.787,0.713,-5.252,0.401,0.0849,0.0,0.717,0.761,175.046,44sYqNBttbXNxya33FJ3Dj,148759
0.51,0.669,-5.123,0.0361,0.00533,0.265,0.0935,0.0381,173.991,3QCe4Z32FtkPw0IuX0ko5Q,314483
0.597,0.425,-5.513,0.0295,0.581,0.0,0.1,0.309,119.998,2cJS4uSqiNCeH4CgOt9LNA,201251
0.598,0.954,-4.86,0.0801,0.00951,2.86e-05,0.127,0.235,100.98,1UwwbPgKGOoSbqqHm9Xxzn,311987
0.68,0.717,-9.04,0.0393,0.0912,0.429,0.126,0.41,124.996,1TS3hIyeGdWqeBQyj5HgoT,236640
0.938,0.638,-4.713,0.189,0.0167,0.0,0.111,0.313,97.075,3A2yGHWIzmGEIolwonU69h,158332
0.272,0.231,-11.973,0.0317,0.858,5.58e-05,0.115,0.0545,107.966,0j7vsZifULuuYwbjZolMAN,233467
0.386,0.739,-2.367,0.0384,0.033,2.23e-06,0.241,0.0666,75.023,2EgXhbQ9SliIgqWbB4JYHW,259401
0.8,0.698,-5.105,0.0462,0.012,0.0,0.106,0.152,144.96,1dN5gPz5FPaRiIjcfVhQCA,120634
0.685,0.472,-9.691,0.0298,0.785,0.284,0.224,0.475,80.487,6MN6yRVriszuyAVlyF8ndB,205720
0.412,0.923,-3.745,0.0478,4.46e-05,0.00245,0.181,0.388,155.999,4poSHaji31qnJrDj2OVlhy,193613
0.754,0.535,-8.156,0.305,0.464,0.0,0.19,0.395,81.035,3s9itRgJYcKhem01P17865,242017
0.639,0.598,-5.783,0.0354,0.32,0.0,0.0971,0.379,117.871,5QjoIwD2oUBUUlrHpZa1nZ,196500
0.439,0.364,-6.997,0.0375,0.634,0.000123,0.102,0.19,108.332,7qQUyJYrHdAVxKeZBy6fyf,245867
0.526,0.818,-5.952,0.0358,0.0587,0.0,0.333,0.896,171.957,2q1yrE8fVlZ5sFlwNvp5Ey,185098
0.601,0.802,-5.197,0.0831,0.0548,0.214,0.0889,0.193,173.974,6s0xvLN9talyCcfSgPI6YZ,295372
0.428,0.559,-6.374,0.067,0.395,3.56e-05,0.136,0.607,86.459,6RB9YvNyP0RZfCUcMtZELH,162467
0.517,0.987,-3.365,0.227,0.00138,0.00553,0.222,0.0829,140.358,3x34JXZdyZdkfEgkHT3eNC,219429
0.63,0.568,-6.35,0.0387,0.0893,0.0,0.165,0.44,87.087,5ldNf0PbjXkxadKws2Rgkt,181560
0.637,0.14,-11.472,0.0407,0.903,0.0,0.107,0.392,139.78,2lxBZVbkiCXC1soks2RXwV,214240
0.532,0.886,-4.921,0.176,0.00111,0.511,0.303,0.544,163.036,1b7E37BQouTJc7nf1HbIar,265031
0.519,0.913,-4.186,0.0689,1.46e-05,0.363,0.188,0.408,87.019,2AWznsGrutuvmbvGPNtREy,350349
0.731,0.626,-6.919,0.0805,0.125,0.0,0.183,0.862,82.488,1sx0XsWUusUoPstbvokZjP,173640
0.249,0.897,-8.524,0.31,0.12,0.0,0.0768,0.255,150.06,4o4usESALqQmIVLRF3rm7I,247355
0.332,0.311,-9.23,0.0338,0.886,0.0,0.125,0.23,77.039,4Qy8AE7s7KpfJGjBaFtd9o,236883
0.456,0.955,-4.646,0.0542,0.000334,0.734,0.12,0.257,175.021,4DJwQozrNaNbAMGlUUmwET,296229
0.378,0.952,-3.22,0.0602,3.83e-05,0.579,0.0682,0.0983,139.942,3ZEzcwqhKjBB8QMQCX1Phg,195429
0.681,0.871,-2.345,0.105,0.335,0.0,0.0929,0.447,145.984,5qYf19BLOheApfe6NqhDPg,195616
0.664,0.797,-4.473,0.0362,0.194,0.0,0.337,0.284,97.004,2y51QpLzI5qbWfCcSx9Tu1,194320
0.373,0.787,-5.06,0.0385,0.00599,0.0,0.0675,0.315,159.881,3b6yQRfPf0wPiEKCTA46ZO,243361
0.853,0.715,-7.828,0.218,0.377,2.77e-06,0.114,0.188,128.045,0IsmMT8GHHMUiQOZX9wqLS,241012
0.66,0.639,-5.364,0.223,0.129,0.0,0.256,0.75,173.994,5BArc3UpONi77FMkNT4LYU,141673
0.694,0.596,-5.451,0.167,0.00485,0.00282,0.148,0.286,150.771,6qn1PtmFWmwflcvGfldKXJ,185318
0.61,0.641,-4.352,0.268,0.519,0.0,0.902,0.852,67.413,7HytU9V8vMCUayply0lYBq,214413
0.658,0.575,-10.365,0.0267,0.243,0.0,0.122,0.504,108.329,6mYrhCAGWzTdF8QnKuchXM,239827
0.536,0.37,-11.627,0.0478,0.517,0.0,0.11,0.102,81.765,44YheVVZWhf4MptvH3IMxz,174507
0.61,0.836,-4.455,0.0573,0.00374,0.0,0.358,0.657,126.056,07WEDHF2YwVgYuBugi2ECO,181827
0.674,0.364,-6.328,0.0347,0.806,0.0,0.106,0.52,154.702,6UTMDEJ2nz9mJwzBcG8TYH,238603
0.644,0.784,-6.019,0.428,0.569,0.0,0.887,0.965,98.129,2caXTW2sSvtHeFguAGh1jf,284600
0.715,0.615,-5.475,0.0686,0.41,0.0,0.126,0.52,140.977,1XDBrOUa5swy7lhO06mggm,227291
0.628,0.548,-7.507,0.0423,0.229,0.0,0.555,0.564,109.92,4Qw41GUmS4rF7GR3am9Rt6,236707
0.689,0.694,-5.83,0.027,0.257,0.0,0.148,0.482,99.039,47BBI51FKFwOMlIiX6m8ya,213307
0.782,0.574,-5.741,0.173,0.0917,0.0,0.121,0.263,81.531,6mtvLEVKP2NrSm4Zrem5SF,222360
0.693,0.772,-5.382,0.105,0.0215,0.0,0.0791,0.496,108.914,6KnWE3VTumLX4iIz7bvRh3,179387
0.581,0.695,-3.773,0.0352,0.0437,0.0,0.261,0.264,149.047,12xQjCTsGm2JKWZklTOZnu,219324
0.362,0.92,-5.217,0.155,0.00264,0.000834,0.0868,0.169,138.032,57fh50SS5Igc0u6LuHuZHN,289720
0.628,0.565,-9.98,0.0385,0.175,0.0693,0.349,0.582,132.302,7GkM8M2EC8OJblOxQxAR7t,139160
0.549,0.133,-16.637,0.0307,0.957,0.0737,0.0928,0.268,101.729,3hKzy7m8LVjlo8F5R9I65y,209641
0.579,0.515,-9.766,0.0643,0.0315,0.936,0.632,0.245,119.965,2uXSqeOJs5JltRSXDAkL2A,173647
0.825,0.807,-5.753,0.0949,0.0732,4.79e-06,0.138,0.816,103.053,7knLcYCOSaURD0d7HUULFM,218827
0.621,0.577,-7.833,0.1,0.00538,4.52e-06,0.116,0.394,203.967,176F2zC28SlT1BBiITeiUs,175107
0.839,0.706,-6.104,0.199,0.208,0.0,0.242,0.839,96.673,4hrae8atte6cRlSC9a7VCO,245133
0.977,0.488,-15.962,0.12,0.0502,0.0,0.0826,0.77,115.726,0BRq5EUvAP7F6c1yPAZTCR,231773
0.26,0.985,-2.961,0.0998,2.97e-05,0.0015,0.174,0.135,186.047,0bD9wh83FspTLznih4ZIxw,196851
0.463,0.917,-3.776,0.13,0.000266,1.8e-05,0.0872,0.369,160.028,2ah5gOCogw00A62XBoepmc,243978
0.672,0.555,-6.327,0.0536,0.442,0.0,0.0887,0.856,86.042,4lpx5WKIP7ViD1I5YVs8Bh,291762
0.754,0.342,-8.677,0.0991,0.073,0.0,0.193,0.423,128.981,5qHirGR7M9tdm6C17DlzSY,121347
0.501,0.815,-5.882,0.0747,0.000425,0.115,0.264,0.175,173.937,08ypS6EF8F13l8EUa5I2J4,264835
0.149,0.206,-13.888,0.0323,0.822,0.000649,0.115,0.264,79.764,6l8EbYRtQMgKOyc1gcDHF9,293120
0.343,0.729,-8.562,0.0344,0.0076,0.0,0.0472,0.813,183.136,1GFpfkiHbZ93p7QImi5RAO,144375
0.484,0.926,-5.561,0.0749,0.00181,0.396,0.0527,0.191,142.968,4a0fAO5UwNMIlzM0xmAkh8,170000
0.725,0.902,-5.149,0.184,0.28,1.26e-05,0.153,0.776,88.478,0Z10CxJ3qulHJxMrD9WSk9,130847
0.607,0.519,-10.126,0.0353,0.526,0.000183,0.119,0.42,103.033,1OV9M0FGhnLQuHaJktbzWc,200000
0.408,0.909,-6.605,0.0417,0.00176,0.000151,0.3,0.611,178.031,32jxzC2KfOQOgawfOY2F5f,125393
0.477,0.237,-17.115,0.0321,0.947,0.901,0.0974,0.178,126.222,2qswPLZD9CbUoSidGNyxwm,280481
0.827,0.536,-6.542,0.0366,0.155,0.0,0.118,0.879,132.043,0xwhAYhIlRyhIzaU3DQV0i,213313
0.616,0.833,-3.314,0.067,0.315,0.0,0.175,0.595,97.898,5Z4aqpT39KpY8gbHoJWdou,196018
0.746,0.558,-9.097,0.239,0.661,0.0116,0.443,0.185,188.084,5ER8Qb144767nRWtLxZqGD,178723
0.804,0.672,-4.614,0.122,0.256,1.02e-05,0.0906,0.778,111.023,0FsKQ04gn6CHHOq2ISEm0H,237893
0.762,0.615,-9.026,0.0483,0.225,0.0,0.103,0.806,120.02,2REesWs353uf4aQz09I2HG,201080
0.352,0.234,-9.312,0.0359,0.861,3.92e-06,0.125,0.235,85.976,1DWjJOjb5OEiOxEQwCfASf,230733
0.922,0.909,-2.429,0.27,0.0281,0.0,0.0856,0.309,95.295,4LwU4Vp6od3Sb08CsP99GC,161507
0.686,0.574,-8.868,0.0272,0.0706,0.0647,0.0894,0.545,123.0,01FnTmSe5zIE0LmqPISajN,232195
0.647,0.642,-4.391,0.0459,0.0765,0.0,0.0312,0.904,89.983,4nAkOKpeGaWDyt7la55feO,198400
0.7,0.816,-9.711,0.044,0.00115,0.00123,0.0901,0.838,113.244,5WwRKYnVy9dekqXAGPbAvU,375400
0.531,0.529,-9.277,0.0263,0.366,0.00906,0.114,0.386,74.046,4lZzeq0ieQPmyoZ3CipUGa,255933
0.756,0.705,-4.744,0.0462,0.0326,0.0503,0.0552,0.962,129.993,34sGnIHB3ZthMvHpNX1i7e,281747
0.382,0.564,-6.905,0.0314,0.309,0.0,0.102,0.199,69.903,7cU0vhA2rPGrLrapL5blOg,270012
0.355,0.464,-7.024,0.0287,0.631,0.0,0.134,0.243,153.69,1MQZ1EBQlgPOAzzC4PIRHl,272956
0.955,0.646,-5.924,0.26,0.0883,0.0,0.215,0.691,125.132,12DNxMLgOdNTjChoV9ynNY,190037
0.463,0.858,-1.314,0.071,0.176,0.538,0.092,0.172,140.114,1HtTWVwNFgGip90QlHOlai,293143
0.279,0.454,-4.393,0.0339,0.592,0.0,0.124,0.212,178.596,359ofvoEja4de0XjzUL3D5,229600
0.74,0.529,-9.404,0.252,0.0342,0.000247,0.559,0.515,157.995,2DWzwwb6VUvPtZvU6NvMMz,185316
0.665,0.612,-7.14,0.496,0.0896,0.0,0.22,0.3,84.005,2fCoq1wZzsa18L8mD33iuM,238840
0.352,0.551,-16.545,0.0362,0.779,0.902,0.167,0.103,168.022,0kwuKfWntoGh0EWyYb7Mpf,67520
0.452,0.889,-2.902,0.048,0.00869,0.0022,0.189,0.0383,174.022,5JB0OKNfsd8kxz7fqMO7ol,243448
0.398,0.717,-5.253,0.0398,0.07,0.0,0.085,0.487,117.296,2P5yIMu2DNeMXTyOANKS6k,193429
0.698,0.643,-16.985,0.0649,0.803,0.0799,0.704,0.714,128.22,0hhzJEusz6r7f0eL1Uc8kw,254000
0.547,0.664,-5.104,0.0324,0.211,0.000276,0.0883,0.322,159.977,5yRC6HwM1UkVuYoxRhmf3L,321758
0.513,0.973,-4.115,0.0849,4.58e-05,0.00326,0.224,0.159,121.018,3VGheGbJrEnGvwteXNBDNt,255587
0.479,0.541,-9.862,0.0545,0.737,0.0,0.108,0.321,85.994,2PIlBukQ6limukVR8Ubb5o,181400
0.383,0.43,-8.644,0.0302,0.817,1.04e-06,0.0869,0.174,107.005,3KFPdcl0YlsBYsoqdne3cU,280757
0.736,0.439,-6.436,0.0272,0.256,0.0,0.143,0.812,107.455,5pztwVl6brVgqYjYQ93us6,242813
0.9,0.385,-12.189,0.435,0.371,0.0,0.142,0.488,99.964,1n8wr8tRHs5jmBxNWXedcn,174336
0.537,0.714,-13.431,0.0314,6.87e-05,3.66e-05,0.194,0.638,103.99,5Eitk5PHbySKtH0rIgXKSQ,170613
0.711,0.78,-4.119,0.338,0.00501,0.0,0.358,0.607,152.043,3W53WYhB8nKIiWfMXtAnxI,89208
0.774,0.641,-10.193,0.0799,0.0765,0.0,0.0867,0.875,113.256,3qI94hINNNeb4S7xQi18lS,214200
0.705,0.809,-8.61,0.0577,0.127,0.0746,0.252,0.387,120.038,18ogVvsvsCQxh7iF1LsxsK,112332
0.716,0.85,-9.949,0.0426,0.0631,0.00133,0.189,0.821,125.474,0dMd4rilfd6gPbXaLpNYhu,222600
0.753,0.62,-11.12,0.0931,0.199,0.0,0.178,0.374,104.022,3Hgc5AHGDXHFArHjU6w3Vo,199000
0.524,0.941,-1.498,0.0555,0.0105,0.0,0.0667,0.848,154.071,4PaZP3ZPHCl6IpFUSuY1Rn,203761
0.473,0.72,-8.188,0.0368,0.0112,0.0,0.275,0.415,77.976,3aQKT3ln3OJkBlidLtt8fJ,236573
0.475,0.322,-10.687,0.0283,0.367,0.00056,0.11,0.387,93.503,6zeE5tKyr8Nu882DQhhSQI,206267
0.32,0.588,-5.49,0.0449,0.34,0.0,0.112,0.111,131.585,7rc6L3UtM0uvwfpsl07GBL,230425
0.776,0.706,-5.869,0.235,0.328,0.0,0.261,0.508,140.112,3xkZTEkakc87TiJerQ5Mgz,181812
0.451,0.402,-12.135,0.0297,0.365,0.000746,0.076,0.244,100.411,0R797G9o4tkDfRZj6KMnHS,341667
0.866,0.693,-4.843,0.0505,0.0309,0.299,0.0969,0.474,124.967,19a4BuLye97n0OpapXfXMs,269800
0.747,0.524,-6.807,0.245,0.0306,0.0,0.2,0.363,140.053,40oKW22ZNNkEdZLJTScaQI,213132
0.375,0.798,-5.495,0.0497,0.00125,0.0,0.117,0.316,161.794,5pF1L2TboIEiZQwHekySET,287532
0.645,0.958,-3.349,0.0412,0.0282,0.678,0.371,0.135,123.988,1cJdIbouxNm1DXYq8A6JSO,298183
0.497,0.395,-11.725,0.0419,0.0878,0.551,0.108,0.232,117.718,6TxPPqUWt8JmGRWMgSu0Ws,318929
0.277,0.671,-5.067,0.0402,0.0489,0.0,0.324,0.206,157.574,0CJjzOsUXKb99TQA7zFJfQ,502333
0.457,0.961,-1.961,0.0691,0.0434,1.46e-06,0.351,0.313,95.978,6zxywTNOcgQ4jRWe1qDtSC,235936
0.656,0.627,-6.627,0.0379,0.343,2.17e-05,0.124,0.481,99.933,2TeLIzFBe3hxkPR5FIQZut,167066
0.308,0.942,-4.174,0.0481,0.0157,0.0225,0.0703,0.664,199.882,08nGwnsP9vwCZ6STbq8RnO,114812
0.601,0.582,-8.227,0.0674,0.177,0.0,0.162,0.408,119.969,66U6Pk6qvKxIBZt7NasHkp,185130
0.446,0.633,-14.272,0.0931,0.129,0.897,0.113,0.396,89.492,5PnFxHU1wAIC3ChbCc8xHe,117923
0.681,0.174,-8.745,0.0315,0.837,3.35e-05,0.0983,0.231,112.672,2BOqDYLOJBiMOXShCV1neZ,260285
0.281,0.212,-15.513,0.031,0.86,7.73e-05,0.119,0.195,95.555,24AIahNHzBxm9S12peXbnG,162893
0.598,0.221,-10.484,0.0303,0.907,4.19e-05,0.0723,0.274,106.771,2sEq2rC3ynYsT49x7utWnd,184004
0.704,0.611,-6.112,0.0409,0.217,0.0,0.0812,0.22,100.0,2FY7b99s15jUprqC0M5NCT,189467
0.432,0.862,-6.088,0.0701,0.137,0.015,0.316,0.699,83.005,0JRBZ5RZGLhZKUoDIgaxQc,268640
0.605,0.884,-6.549,0.0359,0.117,0.849,0.368,0.761,160.025,1QunUah81Ja0Taxj7DcDXA,122250
0.517,0.405,-9.388,0.0453,0.187,0.00434,0.0795,0.119,84.458,5K1fWvYVateHLk3LIVlaKa,235911
0.662,0.847,-3.06,0.0502,0.168,0.0,0.266,0.493,112.095,6TG4IZt8i47CFbMoVFVSbh,204362
0.356,0.152,-20.155,0.0406,0.981,0.903,0.0807,0.04,132.413,1dFVnX4mJTnWubAPE8S3OR,662600
0.595,0.914,-5.306,0.0598,0.00369,0.000783,0.155,0.479,104.901,68RUydoqlDT60rsirSIJWR,169382
0.704,0.706,-5.233,0.111,0.483,0.0,0.0965,0.856,92.965,675w3ACw5xZR3ODhUJlEVN,195044
0.339,0.817,-9.0,0.557,0.754,0.000118,0.376,0.496,180.487,7gl4gXL2WJTf4m4hjnGEjK,197657
0.74,0.595,-9.082,0.0623,0.486,0.0,0.163,0.316,131.96,3kG1jgWIDmjJkXhOiOmioO,187273
0.735,0.449,-7.507,0.347,0.629,0.0,0.113,0.0397,122.947,4wVOKKEHUJxHCFFNUWDn0B,220488
0.794,0.614,-5.352,0.0467,0.0964,0.0,0.0788,0.663,80.569,7jLbTp3qZzah9kMIdW8e5M,238053
0.616,0.576,-5.495,0.0532,0.0723,0.0,0.375,0.269,89.962,15OCqNPYoLziEAsbVnqRj5,182121
0.557,0.442,-7.224,0.0243,0.731,1.46e-05,0.11,0.213,146.277,75JFxkI2RXiU7L9VXzMkle,309600
0.53,0.454,-11.19,0.028,0.768,0.116,0.113,0.492,135.947,2JITVZu8o6ls9k8SoMRy7w,449773
0.623,0.864,-5.541,0.052,0.0162,2.32e-06,0.242,0.759,106.011,42lb5Ne9DymiyPqX9KGOoq,178067
0.478,0.854,-5.454,0.0289,0.0204,1.21e-06,0.115,0.274,91.854,1A5V1sxyCLpKJezp75tUXn,274160
0.681,0.314,-9.319,0.0581,0.2,9.82e-06,0.1,0.166,139.992,6mapJIPnQ23RTAevUoE0DL,208120
0.396,0.695,-5.492,0.0411,0.148,0.0,0.201,0.303,147.582,2ex0hGTbxQBBmKEpPwzxOt,338133
0.447,0.827,-8.745,0.0632,0.000279,0.914,0.0879,0.391,170.652,7CMVo848b9LsUtVavIoiXC,181286
0.266,0.866,-7.885,0.112,5.44e-06,0.0185,0.0961,0.211,119.41,3Staqm5EYDnYBqcwuxrWjZ,311133
0.592,0.68,-5.678,0.0544,0.002,0.875,0.196,0.167,170.009,08IQic3gmuPGPGzCrAFZQE,284038
0.432,0.746,-4.462,0.0398,0.0551,0.0179,0.118,0.428,79.035,3gBuJaOiW0daykCLf6RRn5,202667
0.726,0.554,-5.29,0.0917,0.0421,0.0,0.106,0.335,169.999,4kV4N9D1iKVxx1KLvtTpjS,190440
0.676,0.771,-3.675,0.0483,0.0237,7e-06,0.102,0.569,99.048,3jjujdWJ72nww5eGnfs2E7,207133
0.768,0.762,-9.752,0.284,0.575,0.00551,0.134,0.688,112.546,5gMxhO8O72h4uQNbH4rcpJ,188101
0.437,0.573,-7.939,0.0309,0.00593,1.21e-05,0.128,0.159,123.964,0X98LFhbqEYiUv4g1Vjppr,351349
0.802,0.755,-4.804,0.106,0.0499,0.0,0.0781,0.636,105.983,1M1k3Sxtf7u8Zj3eIzrJm0,208353
0.539,0.621,-5.781,0.0245,0.0085,0.00559,0.102,0.382,97.089,5AjYl4giZXVywicVDFl8AV,231787
0.756,0.374,-7.555,0.0368,0.575,0.0,0.109,0.551,84.975,1hdSvBsFEw1I5ZOLOoxf3Y,199307
0.572,0.406,-8.624,0.0427,0.587,4.48e-06,0.102,0.265,119.812,2nC3QhMI9reBIOWutbU3Tj,201084
0.586,0.616,-7.964,0.0324,0.182,0.0,0.0927,0.719,148.088,02VBYrHfVwfEWXk5DXyf0T,242096
0.626,0.667,-11.817,0.0283,0.209,0.000257,0.0779,0.83,112.776,0yp3TvJNlG50Q4tAHWNCRm,257631
0.45,0.154,-14.485,0.0373,0.938,4.37e-06,0.16,0.243,110.666,5gPetRvxQKyOjjwZX1dzbt,195667
0.644,0.477,-9.756,0.0446,0.671,0.000169,0.106,0.266,97.973,0qkkoL0bQBBWe4JU1NWcYt,248520
0.288,0.374,-8.254,0.032,0.000935,2.98e-05,0.369,0.355,138.822,531V7IY02Ymfch5moiJvjL,246565
0.381,0.683,-4.05,0.104,0.541,0.0,0.147,0.597,138.169,1EZfCViOJ9XKFbwX8FkZUF,192720
0.597,0.115,-9.217,0.0334,0.82,0.000215,0.111,0.128,111.202,0IF7bHzCXCZoKNog5vBC4g,197577
0.261,0.0507,-14.675,0.0387,0.99,0.957,0.109,0.216,110.199,39pQcPmAdzhvmmGwyyPatD,107234
0.334,0.579,-5.507,0.0463,0.394,0.0,0.0709,0.482,110.913,1dXIUsvjZZBhgTy9e69F2P,234560
0.656,0.518,-7.722,0.0998,0.307,0.0,0.231,0.503,155.079,7bDqSfQ7Sj0mA4hiswGr3t,165183
0.447,0.618,-5.288,0.0378,0.328,1.71e-05,0.107,0.198,124.004,6FIKWCqauK8J4g85iTVpuJ,255520
0.855,0.568,-8.2,0.105,0.0588,0.104,0.0944,0.291,80.027,6gKXeygYSatXEo9C1pIZFp,205040
0.75,0.665,-3.083,0.124,0.265,0.0,0.0515,0.697,95.239,3f5lA8nnc4YYF1qf78WpHw,219357
0.682,0.584,-7.388,0.25,0.277,0.0,0.097,0.801,132.177,6JHYjcNZ4yCP3JOYZfPUZs,147750
0.697,0.666,-4.037,0.0691,0.278,0.0,0.128,0.0989,140.05,1rSrr4wINiTizNhkbIiKmO,200571
0.646,0.795,-3.293,0.0976,0.0319,0.0,0.267,0.796,89.99,0qOnSQQF0yzuPWsXrQ9paz,210960
0.328,0.868,-4.717,0.0718,0.000769,0.000584,0.164,0.181,135.582,0EtzpDX05udzfLcGntGbGU,236333
0.689,0.962,-4.302,0.0582,0.000414,0.562,0.0256,0.905,174.011,0N7vDYcBIo9TA0KH9h9HRM,336652
0.406,0.746,-6.595,0.0451,0.229,0.0,0.698,0.196,75.027,5F8BAvMlGfsmSEIHEJb5BT,331998
0.693,0.678,-7.159,0.0324,0.0151,5.71e-06,0.101,0.404,103.952,1kKYjjfNYxE0YYgLa7vgVY,228267
0.716,0.392,-10.03,0.0693,0.00924,0.011,0.228,0.174,120.049,6rycbb8Av89q9OInJm1yzx,115278
0.767,0.573,-7.253,0.0412,0.0547,0.618,0.0942,0.633,103.987,1hQ6KmaJU6VJbPaB2lMII4,198519
0.499,0.318,-13.776,0.0485,0.718,0.00101,0.379,0.282,121.498,1HzDhHApjdjXPLHF6GGYhu,321080
0.461,0.578,-6.108,0.162,0.275,0.0,0.126,0.353,108.398,2EUw11FnLwkVUyJ1rfM4kW,199140
0.3,0.986,-3.022,0.107,0.000386,0.000136,0.0924,0.256,85.117,0Qrb3L8JgreLBW8g4qyan9,237360
0.822,0.743,-8.211,0.104,0.457,0.892,0.397,0.283,123.987,1UabDxiLk78adOCYuQzhpu,285772
0.325,0.834,-6.104,0.0782,0.00618,0.0,0.182,0.655,165.242,2Me0DQEGfJ0PeWv1EuSHSf,228040
0.627,0.548,-7.372,0.047,0.297,2.93e-05,0.315,0.509,101.078,6xcfvAdi2nPQVRJG8eSHzE,182970
0.6,0.706,-7.899,0.361,0.209,0.0,0.125,0.58,173.926,4IYKjN1DrYzxKXt0umJqsG,253533
0.536,0.317,-8.752,0.0359,0.402,0.0,0.11,0.319,143.89,2wHA4yJKT8TJhGz20QxUqX,194659
0.632,0.686,-7.665,0.243,0.549,0.0,0.2,0.329,89.949,7FGq80cy8juXBCD2nrqdWU,170770
0.279,0.957,-6.791,0.0829,0.000278,0.851,0.361,0.0401,164.087,2NGjQDn6PtuJVpumGSoYXN,227332
0.874,0.608,-9.031,0.408,0.0189,0.0,0.102,0.594,159.936,0kavVZx38UlVVTxw5HUIJL,88528
0.676,0.868,-4.57,0.0769,0.0839,0.0,0.0558,0.774,151.986,1piChbCeKngXLmNBdB58Vt,219560
0.737,0.634,-5.331,0.0475,0.199,0.0,0.0803,0.55,126.926,6aLJnupvPpT9HLv3xaUhe1,180066
0.307,0.433,-10.057,0.029,0.388,9.08e-05,0.332,0.224,160.9,5MxNLUsfh7uzROypsoO5qe,266960
0.583,0.225,-13.929,0.03,0.792,1.38e-06,0.123,0.389,129.985,6ckmqpiizuIQS2C9pgSfq3,315093
0.354,0.988,-2.574,0.254,1.53e-05,0.179,0.263,0.107,114.837,5RrGnZMEmSscpbcEftbt70,211320
0.774,0.412,-8.619,0.378,0.026,0.0,0.088,0.38,139.943,5byWPNSh2hi0ULmDxBgLyV,116760
0.624,0.962,-2.67,0.0663,0.106,0.0,0.302,0.842,134.987,3uWeDabJFMLl8O46yWip7A,93887
0.53,0.717,-3.36,0.0538,0.274,0.0,0.117,0.465,102.243,56dOfIe8TCrSvPBnQduue9,169050
0.605,0.76,-5.258,0.0359,0.0222,0.76,0.0937,0.326,122.299,1abUzN0mxXuoiGsMvj1FxS,369387
0.705,0.449,-11.577,0.158,0.0349,0.0,0.0988,0.22,75.444,6QS1GIewjPLnkxeGI4tWSH,216111
0.49,0.914,-5.184,0.0661,0.0291,2.8e-06,0.15,0.512,90.98,5qW4iSYBSqE8ClZWWdflRK,265406
0.527,0.464,-6.874,0.026,0.574,0.0,0.0938,0.58,79.012,3sKsljLdDmRT9wVsVASFCS,185579
0.272,0.911,-4.012,0.0621,1.58e-05,0.000284,0.111,0.133,174.956,7atJY0FcyAyDf2fZBVVk9r,240293
0.673,0.652,-5.552,0.0461,0.666,0.0,0.27,0.332,97.009,6ekzaErm5a1JZcQKj1lXAA,210333
0.97,0.463,-7.259,0.366,0.0957,0.0,0.151,0.46,108.003,5MPPttjfGap2C6j6eKcO6J,142417
0.634,0.658,-8.537,0.314,0.814,0.0,0.134,0.86,166.05,4Xn89qH8uKOumgvAGSvY3U,185070
0.388,0.507,-9.585,0.0597,0.0412,0.0,0.122,0.115,79.556,36MVHrPUVelRILkQlP3cIT,193163
0.466,0.838,-4.793,0.0588,0.0109,0.0,0.0725,0.39,165.851,1FVqjM971hyoI7GqoiBE5d,214760
0.57,0.507,-9.201,0.0365,0.0884,0.413,0.103,0.548,125.961,14OaHFutbeEsrZHKFU6u5J,225035
0.657,0.622,-7.909,0.0454,0.69,1.12e-05,0.11,0.548,150.03,3CYTn3CCOj68V5uwXqDnEX,148200
0.744,0.448,-9.514,0.0763,0.409,0.846,0.113,0.499,90.712,5DE13s7fSzWzZyaII7Lur8,79915
0.535,0.946,-2.845,0.0379,0.117,0.669,0.156,0.0317,87.503,0ZVsWaYZz92s2MbHLFcEcx,336000
0.546,0.255,-10.515,0.03,0.885,0.0,0.108,0.237,114.916,6u35FotDw2vvF7wykUXrxH,230087
0.445,0.219,-8.457,0.0331,0.921,0.0,0.0977,0.155,120.214,2NemVm8OFPcHdm4JhTTFTD,211573
0.688,0.253,-11.125,0.0478,0.89,0.00195,0.114,0.454,148.309,6mjL9J0gsSLXB8uYjgiPtg,150811
0.669,0.504,-5.858,0.0336,0.478,5.48e-05,0.673,0.345,122.163,51P7H7uGYXryJFSle4S8Wp,304800
0.58,0.498,-6.901,0.0277,0.198,0.0,0.132,0.111,116.271,63CHa6rmamv9OsehkRD8oz,206360
0.559,0.835,-5.555,0.0424,0.24,0.019,0.185,0.382,114.908,3u1FiuSpfsgVnekEMXgMwJ,189027
0.631,0.668,-7.936,0.213,0.0237,0.822,0.14,0.56,40.012,6JpH4jeiPvXT7A5jLkQOUW,78053
0.51,0.488,-10.304,0.0304,0.256,0.0,0.11,0.649,125.683,7uEcCGtM1FBBGIhPozhJjv,179613
0.614,0.727,-4.915,0.0274,0.19,7.23e-05,0.273,0.223,122.052,6MHeQK5HbzLFIUzfbyt8pO,218825
0.446,0.422,-8.563,0.027,0.0341,0.133,0.175,0.0643,106.051,0SDadgiIXPWZYFe2zloaN9,336093
0.538,0.409,-6.581,0.0505,0.172,0.0,0.11,0.265,171.838,3id2EVGKc3eFAMn9nFnB0r,205440
0.573,0.685,-6.148,0.0463,0.0318,0.0,0.106,0.176,119.884,78lhRaXPbHIlpJBHjw8MJa,228373
0.742,0.382,-12.062,0.201,0.459,0.0,0.338,0.385,119.906,7fxQmoMf84inucOZNzM8iz,162901
0.586,0.651,-10.16,0.048,0.144,0.0,0.489,0.901,81.397,6ZEAXknmx2mrO3KgcDNpFI,223067
0.68,0.668,-4.217,0.0379,0.0123,0.0,0.105,0.212,113.113,6zadmh9hwKSqJq0mfhkXni,197665
0.755,0.56,-5.497,0.157,0.1,0.0,0.0778,0.587,78.033,1xjX4vrqHG1BWk2d91FUvq,148320
0.528,0.431,-7.09,0.0394,0.797,0.0,0.0999,0.549,108.939,1J5Vc7uzVstxzSt1A6LGzW,184051
0.686,0.127,-14.361,0.0342,0.754,1.41e-05,0.0573,0.372,93.699,5jgFfDIR6FR0gvlA56Nakr,138387
0.825,0.393,-10.875,0.0771,0.039,0.000908,0.0609,0.62,98.94,1ZUkNy49mG893WOU3iLXF1,223507
0.845,0.567,-8.118,0.0956,0.59,0.00142,0.0811,0.793,125.02,4B0JvthVoAAuygILe3n4Bs,205680
0.459,0.172,-19.534,0.0764,0.772,0.0048,0.707,0.42,114.916,2UZlej6pJ5oUV28LfVoh5R,265373
0.653,0.368,-11.567,0.0439,0.875,0.00305,0.0972,0.249,117.161,4w7EnqiLksvE6rcuR8F8bn,524093
0.404,0.935,-3.968,0.051,9.51e-05,2.2e-06,0.13,0.456,145.022,13OlzauXtClHuEQ72zLshA,222160
0.624,0.977,-3.34,0.22,0.00615,0.0,0.253,0.74,126.129,6ddQ5KCkvCggk3j6KdA0zL,177573
0.578,0.866,-3.804,0.0619,0.00701,0.0,0.257,0.619,128.038,0kzw2tRyuL9rzipi5ntlIy,199080
0.486,0.963,-5.586,0.129,0.248,2.39e-06,0.158,0.533,113.133,1ntxpzIUbSsizvuAy6lTYY,146573
0.789,0.716,-4.241,0.0432,0.129,1.07e-05,0.069,0.611,125.906,0AH6WMe3OlAlUb5miXt2FQ,235493
0.673,0.377,-14.141,0.0697,0.586,0.0,0.332,0.713,88.973,0RNxWy0PC3AyH4ThH3aGK6,201467
0.635,0.274,-13.53,0.033,0.813,0.0,0.162,0.316,93.025,3K7vPyMCcecKRotnu08MMP,264585
0.707,0.735,-10.19,0.112,0.448,7.52e-05,0.103,0.758,138.215,0SXSVj4cCStItVgzbAMtJj,213933
0.883,0.668,-2.957,0.113,0.11,0.000529,0.0734,0.676,87.972,7sQKy5vlPQllr0k9IjYJv3,226533
0.363,0.408,-10.861,0.0273,0.185,2.94e-06,0.113,0.271,87.335,5ef3mAxAAjk93V6IpriOrz,181280
0.637,0.864,-4.381,0.0468,0.484,0.0,0.222,0.706,99.995,2RiBogNRfulkNf7fVbPOrJ,214720
0.583,0.829,-4.603,0.134,0.00864,0.0,0.0426,0.575,174.028,49FYlytm3dAAraYgpoJZux,275987
0.341,0.282,-10.821,0.031,0.772,1.5e-05,0.0976,0.133,155.831,3evtNqMbgwzUbyt9FhFvdr,256347
0.642,0.437,-3.879,0.033,0.282,0.0,0.0921,0.619,147.964,4miBlXzz3MErrniG6aWhee,143933
0.473,0.838,-4.553,0.0318,0.00784,2.83e-05,0.133,0.455,98.049,1EMNDQCfHjJO0BwssMtKcy,185895
0.573,0.926,-3.127,0.0418,0.0528,0.0269,0.176,0.358,171.003,2Jsf20e4KTqXltS4r2SgD8,396115
0.652,0.917,-6.72,0.0548,0.0082,0.0,0.0509,0.459,132.975,2goLsvvODILDzeeiT4dAoR,239027
0.317,0.172,-10.636,0.0326,0.907,0.000383,0.105,0.0963,65.18,273QnyCvJB65rScHJ1nPZb,212040
0.679,0.642,-5.722,0.26,0.0764,2.15e-05,0.102,0.452,124.238,5P7FwhkLQp2HrfR79pYDj5,131163
0.738,0.573,-6.864,0.0474,0.0178,0.000513,0.113,0.26,101.714,6SzSD4u3K6Kg7w4Yj57JSq,212427
0.595,0.462,-8.414,0.0259,0.102,0.0,0.0641,0.526,124.991,0DQqzCHlPyKQXfF8uL01SI,210525
0.641,0.551,-6.165,0.0532,0.147,0.0,0.12,0.417,102.912,0exZ0YogJPbjGzblpcZaw7,220891
0.669,0.918,-5.044,0.0443,0.022,0.0,0.39,0.96,148.102,0wXtJFhGYMkccpJK0jhaQr,211133
0.585,0.564,-7.063,0.0515,0.0671,0.0,0.135,0.137,113.003,7fBv7CLKzipRk6EC6TWHOB,242253
0.691,0.812,-7.772,0.0558,0.0433,1.16e-06,0.299,0.685,127.568,39lSeqnyjZJejRuaREfyLL,220627
0.384,0.443,-7.75,0.0379,0.764,0.0,0.106,0.712,175.671,2oV3mzorzJTZa3gmp8vAJl,227000
0.809,0.877,-3.749,0.283,0.00477,0.00129,0.121,0.662,109.894,2xfPdbWVd76RDhxUPjBNba,218607
0.525,0.701,-3.678,0.248,0.257,0.0,0.193,0.388,100.007,3f95xQ6yw4S4ISl1zC7QSx,254757
0.931,0.306,-9.979,0.453,0.0128,8.59e-06,0.0708,0.457,140.039,57zEbGuOa9Skogmm0WdOzM,207801
0.641,0.633,-7.295,0.0271,0.104,0.0,0.262,0.279,114.993,08shoW0qPqgMDnNQppWAQj,305333
0.822,0.478,-8.746,0.0343,0.559,0.0073,0.0813,0.722,117.394,0SNGe4xksgp7CGnY5kMXOJ,251573
0.812,0.507,-8.825,0.0452,0.0399,0.0831,0.0671,0.729,114.832,4yrM5BVyJzy5Ed4GPO6e8j,347667
0.483,0.392,-8.451,0.0267,0.368,0.0,0.151,0.167,112.059,3sgXbDvrgbTBIefz4lJDEp,226039
0.258,0.539,-5.853,0.0342,0.424,1.32e-05,0.0874,0.344,180.583,4bARLdWjN5ASNKDrKeSuHq,240895
0.736,0.37,-11.072,0.502,0.293,0.0,0.042,0.619,165.908,6SHI6STEW51cQkAXBRpLNj,150064
0.77,0.637,-5.53,0.345,0.103,0.0,0.171,0.431,94.966,4FRW5Nza1Ym91BGV4nFWXI,383037
0.686,0.531,-12.173,0.0801,0.531,0.00755,0.107,0.268,99.02,0pqnNiTcSnMh09MD7nFt76,195324
0.499,0.904,-6.191,0.122,2.75e-05,1.54e-05,0.0735,0.577,137.986,0KfRQDjY763gIapvW3FQyv,230661
0.458,0.724,-3.706,0.0478,0.367,0.0,0.0912,0.18,172.79,13rtgTDK9w1clbgXpGuW3y,202543
0.662,0.788,-5.544,0.0635,0.0812,0.141,0.0351,0.929,116.499,0nlZjTPzW6S9JIESuGfImT,315640
0.748,0.553,-6.757,0.812,0.213,0.0,0.113,0.431,155.394,51zzsNGazljr9QWTUxfTYn,82106
0.704,0.78,-4.743,0.142,0.374,0.0,0.309,0.864,79.483,5MEYDJVJMaGAXfddTo0D6J,184227
0.3,0.643,-6.164,0.0366,0.0063,1.81e-06,0.147,0.211,108.798,1VylyWcBUNYGZex80qCAdi,263361
0.714,0.537,-8.71,0.219,0.327,0.0418,0.389,0.232,81.438,3xfKX5KWygjYTcNteQhrrm,154764
0.401,0.28,-7.483,0.044,0.883,0.0,0.114,0.15,68.397,7jQ56iwUhwEDQaTGIQyD9e,319753
0.514,0.792,-3.722,0.0573,0.000986,0.514,0.582,0.0475,171.973,2OjaOO7GO0szNxNRj9omfo,319146
0.687,0.857,-6.31,0.034,0.0852,0.0,0.467,0.68,94.011,72I5gb06T9KIESon4AWY8S,209627
0.748,0.252,-11.686,0.037,0.868,0.0,0.0901,0.351,121.01,3eUcXGBXGgcEXmbiEfI75H,168653
0.274,0.0742,-17.234,0.0456,0.94,2.37e-05,0.0869,0.15,93.48,2rPbBONzBW14kNvVF9Qy7E,277533
0.573,0.44,-15.567,0.323,0.758,1.92e-05,0.276,0.121,99.956,4u62RkJPMac3ZP4yBJEiLw,138000
0.603,0.421,-10.646,0.0493,0.567,5.58e-05,0.0757,0.242,114.093,380vyl9xb7um0l5qIYyWeC,142105
0.422,0.656,-8.412,0.0397,0.0126,0.0279,0.268,0.549,173.93,2mxByJWOajjiVsLWjNXvDJ,207240
0.463,0.729,-4.573,0.0469,0.0184,0.0,0.0699,0.244,151.927,6QDS3BSyRGSaTUY4MhJUir,174032
0.441,0.0953,-14.335,0.0376,0.666,9.33e-05,0.113,0.0788,129.75,10Odr9VhsEYfpd3hjoNyl3,232627
0.581,0.263,-10.411,0.032,0.819,0.0,0.0808,0.229,125.004,0Mq0reDcNpgmQkjHfzpJrp,168587
0.553,0.398,-11.67,0.0303,0.664,0.0,0.114,0.392,76.074,2npStoMbQxG1LcIeF4PZrj,229227
0.44,0.861,-4.715,0.0636,0.000646,0.299,0.272,0.0733,174.995,49i84i0hXi62ORzn5TWSFn,337133
0.509,0.514,-9.493,0.315,0.00107,0.0,0.121,0.138,136.627,3gQtfHddjnAw0c3rVqxaFu,220584
0.492,0.662,-9.681,0.0482,0.00047,3.87e-06,0.0771,0.123,135.017,0OPD9fnjX6xWgHBQ4QClgu,151385
0.605,0.495,-7.828,0.197,0.573,3.63e-05,0.0935,0.507,176.269,22aHQyVUUmGAkCqbJKtKyc,148303
0.637,0.848,-5.424,0.0489,0.00046,0.00375,0.147,0.645,130.962,2N2WUaNAGgSbUTADQhPx6x,222547
0.584,0.993,1.634,0.0527,0.456,0.688,0.129,0.36,175.082,1Mze7crzF9BWo82DiAsmjj,289371
0.501,0.756,-6.208,0.0376,0.0123,0.0,0.967,0.293,104.035,1gUoaZkPi7vMZdxMlGsGOw,320027
0.632,0.595,-7.644,0.0401,0.0689,0.0,0.209,0.435,124.114,6ft4hAq6yde8jPZY2i5zLr,167903
0.296,0.376,-10.805,0.0699,0.72,2.53e-06,0.354,0.167,171.363,501bXiwNINrbv3JcuOyUy9,282238
0.515,0.902,-4.729,0.383,0.0313,0.0,0.093,0.628,174.589,3uMB82o0qa7erhiZBW9KQC,238419
0.676,0.4,-11.892,0.181,0.707,0.0,0.0896,0.446,90.092,1KVfyX925tmtS6MDXTad2o,155000
0.509,0.224,-11.123,0.0327,0.736,0.301,0.327,0.17,112.355,3QuSHJUfvuOyeKMS32Wckj,403360
0.45,0.724,-6.918,0.0545,0.479,0.00204,0.696,0.328,77.957,5jjqGinVQEHsYzwjMNlSAv,415680
0.698,0.193,-15.01,0.0902,0.914,0.937,0.0882,0.607,84.03,7MdZQXUBijQxcBkYz4G1Z5,117495
0.553,0.711,-4.275,0.0378,0.0216,0.0,0.142,0.293,99.515,7nZBRPj89rgeZ5eBLp2J7P,222213
0.212,0.0517,-24.467,0.0525,0.928,0.639,0.112,0.152,185.678,3Rw0Rg4LjlYnuxIyioW3vg,397640
0.55,0.938,-3.556,0.0522,0.00171,2.18e-05,0.555,0.433,133.99,26VG1uCazw9xtVnq8A1vtd,214493
0.739,0.551,-10.141,0.0963,0.0508,0.000448,0.179,0.411,95.516,6WsEitxaYUHuHV5SB0dpCk,215711
0.776,0.67,-8.545,0.21,0.159,0.492,0.157,0.52,173.975,0g8QZnq21NW49KHCXdXQKO,147577
0.494,0.853,-4.31,0.138,0.0139,0.0,0.151,0.331,144.964,7K8fmTPRda4YWsBTnin2nr,220138
0.876,0.568,-5.755,0.0533,0.411,0.00274,0.187,0.593,98.027,634fDJYRCr5yzqfFWa9rfS,159132
0.667,0.728,-4.969,0.0405,0.32,0.0,0.0765,0.798,124.001,411Hvulc0PrGQLOHljTYed,201187
0.828,0.85,-9.687,0.0426,0.743,0.207,0.0594,0.988,120.001,7IMv1xEA2NIrP8mvz3ln6L,84000
0.859,0.75,-8.325,0.303,0.0193,0.0,0.0538,0.857,98.691,5n8Aro6j1bEGIy7Tpo7FV7,345717
0.745,0.694,-7.519,0.128,0.0962,0.0,0.0454,0.74,95.924,4x2rgtSFOI4hRvEvDj02KP,208107
0.484,0.488,-9.127,0.048,0.867,0.141,0.147,0.426,149.977,0d6m2xfXqMyEKOeRvfL7Ot,173733
0.632,0.439,-15.439,0.0378,0.611,0.701,0.126,0.352,145.983,2t4jrfAgCs6NgloKoPyEQq,132336
0.329,0.235,-7.699,0.0303,0.918,0.0,0.137,0.22,171.006,69vToJ9BMbbLlFZo7k7A7B,204326
0.7,0.917,-7.631,0.0447,0.159,0.85,0.0768,0.272,121.977,2vHPrrFhhiSH5GZZcGRSFm,251992
0.618,0.891,-3.514,0.0591,0.000428,0.688,0.338,0.4,173.995,1vptB8TcpL5fP6F9SVTBeJ,279932
0.788,0.871,-5.782,0.043,0.172,0.00164,0.115,0.401,128.195,6hRvewF5MRAsqqxnNs3z2b,91820
0.868,0.679,-6.941,0.0397,0.0799,1.22e-06,0.0504,0.75,97.012,3mg29Lwvo673TkDhE3kB9W,210983
0.767,0.551,-7.328,0.0616,0.00364,0.0,0.0451,0.796,100.904,7MQywXGHEev7JmwwIzMcao,275707
0.68,0.844,-1.729,0.299,0.23,0.0,0.0305,0.895,172.302,312A8WfROSLvZbMDHBUPDp,254267
0.58,0.695,-6.278,0.0467,0.000682,0.792,0.131,0.326,175.066,5lVTu0NRflwha1SuKLXJaD,288000
0.545,0.169,-16.249,0.132,0.908,0.0,0.0942,0.482,98.225,6GGdkwYk4NXuiIcQD16AZg,124853
0.621,0.216,-10.892,0.0285,0.88,0.00484,0.109,0.187,134.143,076iseP2IYYRzQRfQHhYg1,321493
0.682,0.363,-10.837,0.0261,0.699,3e-05,0.363,0.203,94.978,5tqNWWiySiABLrGAvSWsO5,154275
0.514,0.906,-4.558,0.0404,0.00109,0.108,0.0935,0.059,175.005,5QdnlAIaoPjQu1oEwEjWBX,383714
0.492,0.224,-8.098,0.0493,0.91,0.0,0.142,0.424,93.039,5YVmHTAsdWnoanWXB7AwZX,183429
0.247,0.442,-8.703,0.041,0.716,0.0,0.0655,0.261,62.952,5RXycwlyNdmAYB5srQ4lk2,212861
0.447,0.954,-8.069,0.0751,0.0235,0.403,0.298,0.331,123.453,0bVtevEgtDIeRjCJbK3Lmv,272027
0.685,0.439,-8.208,0.0543,0.34,0.0,0.122,0.253,109.871,1d14eJaiDjvSeBQ46rgStM,152568
0.397,0.0666,-20.405,0.0383,0.963,0.158,0.107,0.0389,137.313,57A6HbITtifBco2NbF7Qq8,174172
0.409,0.642,-6.229,0.0432,0.62,3.83e-06,0.97,0.25,135.0,2oZlwJ1rxvyddPWnN3WYDB,330267
0.792,0.818,-8.563,0.0363,0.00446,0.724,0.0652,0.898,123.007,5xwzmfxNAxZwMjznQ0eVXL,398598
0.688,0.673,-6.022,0.0308,0.157,0.0,0.138,0.602,94.978,2OSTEcSo9QPMT5RrOisV4g,185000
0.395,0.443,-9.72,0.133,0.765,9.67e-06,0.0839,0.338,168.924,2tGvwE8GcFKwNdAXMnlbfl,175933
0.717,0.588,-13.953,0.0535,0.331,0.0,0.102,0.852,131.537,2F1fnE1a8zQCogM6jJifHH,194267
0.755,0.221,-11.008,0.119,0.608,0.845,0.109,0.209,82.024,7kN5IUx8FQsNWadxnPoj2i,96220
0.779,0.834,-2.773,0.162,0.0343,0.0,0.0886,0.8,100.46,7JKEA8xYDoFp4q0QBW2PGg,198347
0.736,0.47,-6.116,0.238,0.439,0.136,0.0851,0.703,75.551,5LRlzZPjbjZQZEUeCA1kwl,219028
0.539,0.739,-4.912,0.114,0.074,6.57e-06,0.129,0.665,193.922,4xTw9uJSkNXjLMvpGsfQyj,211984
0.442,0.689,-5.289,0.0251,0.00458,0.0,0.11,0.208,89.001,7IY2JF7AlVN5uvIUBVnSJd,247968
0.77,0.528,-10.592,0.0991,0.0454,0.00774,0.355,0.461,125.081,7dtwqXN01bRl9SBmKCmtAk,123436
0.646,0.633,-10.09,0.0274,0.0155,0.0282,0.107,0.874,134.357,7Dy1LOaEeuYOEe5k17T3Rh,257000
0.445,0.384,-14.642,0.0417,0.635,7.74e-05,0.0539,0.216,123.295,3ZE3wv8V3w2T2f7nOCjV0N,235987
0.74,0.83,-3.243,0.153,0.119,1.32e-05,0.243,0.78,176.054,53uKGbcMjEc2gIWbfmvpdS,377580
0.663,0.744,-12.283,0.0828,0.000644,0.0317,0.244,0.749,172.022,0acV4nWqEs7YFl0yVn1cR1,247867
0.612,0.824,-4.758,0.0478,0.013,0.0,0.288,0.586,82.017,5v4OkFH0TJ6W1hCFxyn0px,171880
0.572,0.492,-5.759,0.0243,0.323,2.32e-06,0.11,0.376,139.911,3OZRFzq1k5bljp4w7Pi0JX,258827
0.867,0.618,-6.936,0.102,0.185,0.00011,0.314,0.191,120.969,0uuE2usj5bvRqfKlfOu1NZ,233294
0.201,0.995,-5.208,0.112,1.19e-06,0.0833,0.338,0.187,92.273,2efbB42cdMnnYw6VhOgJEs,274320
0.518,0.408,-11.887,0.0289,0.523,0.0359,0.118,0.202,76.031,5Q5iuFRTjiTG1Xng0EWScm,293440
0.346,0.128,-17.536,0.0303,0.841,0.76,0.13,0.0654,58.996,6ttYF5VadzTssGV2i1Q08T,287067
0.883,0.446,-8.723,0.296,0.0253,0.0,0.103,0.463,92.95,2vl0D1b0M6UHlD1Fjh5j1m,165161
0.86,0.756,-8.464,0.219,0.143,1.09e-06,0.0523,0.426,140.008,2NRsNWGi9VROp0RQNnhtmL,193776
0.463,0.99,-4.891,0.111,1.44e-05,0.0109,0.119,0.0449,110.092,2vbIlZuY3e7Coho7Av1eYz,214477
0.41,0.317,-10.663,0.0317,0.661,0.000176,0.11,0.216,107.189,6ldK16k56FUNgt0RjQ6dcP,211493
0.774,0.836,-5.7,0.0309,0.000319,0.0274,0.252,0.517,126.006,2LKDxds4X9EkvZGpMjCif5,228624
0.431,0.723,-5.887,0.0568,0.145,0.0,0.374,0.19,130.141,7wuJGgpTNzbUyn26IOY6rj,267360
0.427,0.407,-9.665,0.0382,0.612,0.386,0.109,0.244,168.844,1IbgYIuVwJsibCcT5GFYHy,266467
0.786,0.667,-4.835,0.066,0.0431,3.52e-06,0.393,0.679,94.94,2RXzzOxmBlffT81fjwBSVh,178347
0.709,0.846,-9.769,0.0321,0.0277,0.00108,0.35,0.659,130.02,6mV5R2QfneMjVoVSzrNMHu,274808
0.783,0.557,-10.842,0.185,0.0453,0.0,0.359,0.43,138.128,2raqYHXdzsRjhujgo2UpnD,128313
0.371,0.268,-10.506,0.0281,0.748,0.0517,0.104,0.165,102.617,7D0RhFcb3CrfPuTJ0obrod,227093
0.536,0.383,-10.582,0.039,0.883,0.0,0.0732,0.177,81.121,3QFCL0dqEzXFIWlqWiVDJU,265813
0.268,0.98,-5.958,0.103,0.0192,0.00709,0.182,0.395,100.315,6eN1f9KNmiWEhpE2RhQqB5,405600
0.469,0.27,-10.592,0.0471,0.879,0.0,0.151,0.51,166.063,4xFKrhQIvPDIpmFvqlr0sQ,229960
0.717,0.73,-4.729,0.0568,0.383,0.0,0.398,0.792,102.002,2hrUO4drrO63i7FYbCLBl2,251173
0.579,0.905,-4.96,0.372,0.399,0.00114,0.0859,0.535,117.952,2IUX8vhE0MkKrxUQQHG78x,182805
0.578,0.807,-5.645,0.0466,0.00129,0.837,0.0521,0.5,170.066,6aEYxotV866IwZIBDFUYFh,259506
0.75,0.637,-8.473,0.0673,0.303,0.0042,0.0621,0.33,139.983,7CHMY5TN1e8oqDnRwwJR61,185143
0.627,0.779,-4.042,0.0649,0.00706,0.567,0.0866,0.242,174.02,2nqbnrfVspbCYW1YPxQYj8,296555
0.298,0.263,-12.385,0.0284,0.73,0.00112,0.113,0.162,89.991,1aQjpy1uVpOJOKH47y0j0G,283377
0.618,0.588,-11.624,0.0735,0.0128,0.0266,0.351,0.768,86.903,76ICmoJ4PcoMWoooaTxnQs,146973
0.687,0.668,-5.99,0.385,0.756,0.0,0.113,0.352,87.175,6J1jIKelO3HerpKnTEVVMe,137000
0.3,0.0177,-27.293,0.0422,0.974,0.00764,0.106,0.0896,120.492,36c2NifUp0GDnoOQT5unhR,309080
0.83,0.503,-15.295,0.528,0.508,0.0,0.832,0.622,109.047,7M7gsFHtMESRoylqX5n8Y7,127991
0.509,0.442,-7.98,0.155,0.605,0.0,0.105,0.396,154.642,4P54yYZN6hlQ7ZdLGMdrsc,215496
0.455,0.437,-11.411,0.0278,0.314,0.0,0.501,0.724,81.396,1ne9wOtDF2jM6Cm8WBkaER,283640
0.561,0.366,-14.14,0.327,0.851,0.0,0.813,0.646,78.659,4OjKHySJHstsImlUW3qfml,1116933
0.662,0.98,-3.989,0.0725,0.188,0.0,0.294,0.513,98.041,0kFmdj4wjarVHE8dZUizxz,238560
0.484,0.786,-5.104,0.0428,0.0258,0.0,0.25,0.245,158.19,3pqUy7zkHy4dPp3GiqUZAz,200789
0.53,0.976,-2.782,0.0334,0.0209,0.0,0.266,0.963,116.522,57NM7EsToP428kRFwgd1yn,223625
0.756,0.843,-8.628,0.0477,0.00257,0.879,0.0419,0.29,107.992,4JvkLa6oR2uaoaJec884Ch,380240
0.713,0.591,-10.345,0.0476,0.231,0.833,0.101,0.318,120.991,1GuU6PQkEwhS6slsbuIKGz,230083
0.48,0.486,-5.754,0.0447,0.046,0.0,0.107,0.265,80.051,3rMsX63C0IZVnOT5LGYoTH,227533
0.416,0.909,-3.926,0.113,0.0187,8.19e-06,0.129,0.241,172.159,1ioUAJiIHAoimp2QGhWXXM,150087
0.556,0.703,-8.304,0.0319,0.618,1.13e-05,0.131,0.564,121.739,01qJhVPCHFFR6wJ5ptyw17,286880
0.536,0.606,-5.364,0.0355,0.103,1.08e-05,0.255,0.719,146.425,3q2gRjU2UdOYRDY1p4cNHr,206267
0.304,0.928,-4.447,0.0536,0.000218,0.243,0.0519,0.0608,87.0,0HbW183P72KHki0wJsv99I,328033
0.634,0.9,-2.614,0.0583,0.212,0.0,0.317,0.623,152.968,2UP7KnRSvc4taXbjOoSX0f,222024
0.742,0.468,-5.557,0.0625,0.0465,0.0,0.826,0.369,86.443,5EGPf0nqO7vEIwsOX6Er98,242200
0.604,0.736,-5.596,0.0555,0.00608,0.109,0.11,0.345,118.012,7pBsquIkbED6W6uSQJGbkn,211360
0.71,0.994,-4.899,0.0362,0.00715,0.611,0.29,0.938,140.04,3oWZwdnnwsCwMukQbPsEiy,202267
0.642,0.881,-3.537,0.0393,0.209,0.0,0.21,0.913,138.03,38zwkK6TtTjIW9tpYBfZ3D,222045
0.628,0.744,-4.718,0.0379,0.0257,0.0,0.313,0.277,119.921,2gTdDMpNxIRFSiu7HutMCg,169397
0.558,0.768,-9.997,0.0343,0.121,0.0626,0.124,0.429,81.909,44aTAUBF0g6sMkMNE8I5kd,260573
0.781,0.853,-3.68,0.0715,0.0525,0.0,0.12,0.624,110.049,48RrDBpOSSl1aLVCalGl5C,250189
0.159,0.377,-10.195,0.0406,0.0329,0.898,0.075,0.0956,66.988,1lycZ6BCUETp0NauGdZbsm,297493
0.665,0.494,-5.405,0.0269,0.571,0.0,0.12,0.489,120.003,0fiPpwBPIaxxydn4KzX9Tc,215173
0.419,0.673,-6.577,0.0391,0.00295,0.0,0.0943,0.17,103.017,22TsEcjgI6XfLUj5OrCLkw,264947
0.511,0.769,-7.032,0.042,0.181,0.0,0.0921,0.818,129.657,2G2YzndIA6jeWFPBXhUjh5,160907
0.815,0.488,-9.531,0.0442,0.0789,5.83e-06,0.114,0.321,113.024,5cYzDxfa6P7dKVdAKgGTz6,206018
0.486,0.511,-10.283,0.0329,0.702,0.0355,0.489,0.324,132.148,1MT3iboWwLithkyKyvw6v3,286467
0.699,0.883,-3.226,0.219,0.0288,0.0,0.817,0.499,127.961,6YwLgicpvVuMt1eE2OldwQ,211975
0.766,0.673,-5.066,0.239,0.00286,0.000594,0.486,0.705,84.947,30uCmqegKQnH5AbOE51gPD,169413
0.508,0.988,-3.613,0.165,8.45e-05,0.0,0.209,0.174,75.018,1LHZMWefF9502NPfArRfvP,246209
0.765,0.375,-9.747,0.189,0.194,0.257,0.109,0.15,81.277,2cCyRbHI5YrvkkPwrwX4cP,185063
0.567,0.613,-5.916,0.477,0.578,0.0,0.126,0.581,167.696,4SVvpjmHsFKmXBcdsG5B84,194543
0.717,0.695,-9.012,0.0334,0.000465,4.14e-05,0.38,0.409,119.005,1ek1kNO1a5EJCNIUvNs5XI,227521
0.789,0.706,-4.233,0.0429,0.112,1.71e-05,0.0586,0.638,125.911,2ENexcMEMsYk0rVJigVD3i,235493
0.874,0.595,-10.522,0.447,0.512,0.0,0.116,0.652,143.022,0VoFWQ3utZHicLucEW6Uhl,151208
0.494,0.632,-6.89,0.0342,0.682,0.0,0.0869,0.0797,147.873,6Up545NUflOiXo8cEraH49,274693
0.418,0.835,-4.824,0.0449,2.33e-06,0.766,0.289,0.549,104.986,0JBQnLKfLXmlkquabLtAgd,294867
0.87,0.657,-8.833,0.0746,0.00411,0.0722,0.834,0.297,126.016,6A2fGSY2uZcidWpNosshqc,245714
0.685,0.833,-4.548,0.0595,0.0627,0.0,0.273,0.575,164.07,1o9LtLuS42T6cCiQBXapdT,217667
0.621,0.666,-7.392,0.0255,0.00292,6.75e-05,0.149,0.199,133.953,6cQaDbpRmK7Gahhsh5Am4Z,283600
0.703,0.754,-7.962,0.0304,0.447,3.07e-05,0.157,0.836,120.013,6BTwTqMgyrXUBvW52FOgkW,188920
0.414,0.663,-7.77,0.0456,0.163,0.0,0.138,0.33,108.98,7nDFTHHwfe32a8qdp9XqPy,223400
0.469,0.833,-4.487,0.165,0.3,0.0,0.056,0.402,166.526,6M6lsQB4OhqL41eld29PeC,296227
0.637,0.614,-7.204,0.0297,0.151,0.0,0.0893,0.291,109.027,5p8F0dVtuFJx9H57VF9Ld6,235596
0.582,0.575,-7.392,0.0295,0.00169,0.0,0.143,0.27,127.979,7vmfuiIz9VUdlHLrGzKYiS,186211
0.497,0.838,-2.703,0.0463,0.000815,0.0,0.0461,0.82,176.025,4gM814NneKElxn37F5Ht7G,240497
0.497,0.118,-11.996,0.0319,0.864,4.13e-05,0.116,0.164,95.044,0p8N7QE1DJtY6IVmLy1YZc,204736
0.651,0.339,-11.917,0.0246,0.372,0.0141,0.0739,0.32,103.996,0I1DJdLt9BKOb7GWmWxCjo,222120
0.603,0.67,-3.882,0.0249,0.00408,1.68e-06,0.112,0.446,107.993,3di5hcvxxciiqwMH1jarhY,242974
0.101,0.0241,-30.172,0.0485,0.947,0.847,0.0693,0.0329,87.14,1MiWGSGDC5mGoP3MNclZ7s,208587
0.406,0.698,-7.024,0.0624,0.186,0.0,0.233,0.333,109.266,4rDbp1vnvEhieiccprPMdI,296480
0.805,0.816,-4.685,0.346,0.363,0.826,0.121,0.338,124.966,5mnpMkzp3Z2RCCbwIEZCbv,141343
0.62,0.574,-7.788,0.0479,0.569,0.0,0.19,0.357,100.023,5tz69p7tJuGPeMGwNTxYuV,250173
0.216,0.406,-8.679,0.0389,0.738,0.000524,0.0969,0.239,200.815,3VKlTdnQghO9FQbgSg3lxc,264613
0.702,0.73,-5.173,0.099,0.425,1.25e-06,0.148,0.879,173.967,1iEwyiSLAunPR6uouANE0O,206693
0.649,0.4,-10.917,0.0354,0.142,0.000208,0.112,0.185,141.984,4xYUnLUwwWMndNlCQi4CqX,256907
0.518,0.624,-6.134,0.0256,0.0312,0.000171,0.131,0.241,87.565,62nFeTispaiYq1KzGrONsl,216880
0.554,0.913,-4.262,0.103,0.0108,2.54e-06,0.0635,0.588,136.066,5V2okh49WkuGz0IvnRuqWL,231287
0.546,0.916,-3.932,0.255,0.00144,4.34e-06,0.251,0.375,129.983,5xYC48nOppVemY6U5GRGTb,210853
0.789,0.84,-5.592,0.238,0.0125,0.262,0.0725,0.461,154.921,2xsrtbjQdt39LhpRptZw07,133120
0.755,0.769,-5.658,0.186,0.314,2.38e-06,0.0628,0.642,114.966,6qNALlmZa1ESnCxJmXE1K9,186080
0.675,0.351,-11.139,0.0287,0.89,0.0173,0.076,0.754,97.441,0AXZ0NEEylEhBda574NrmG,149933
0.609,0.229,-12.36,0.0333,0.558,0.0413,0.113,0.19,111.887,2fkeWbM6iqTw7oGHTYm2lw,186293
0.556,0.624,-7.587,0.0397,0.356,3.72e-06,0.0788,0.364,119.891,1QTSmXYIKq5jyz4iYKoxb0,321091
0.79,0.939,-1.802,0.0571,0.549,0.218,0.636,0.403,102.044,1AP7yzd4qSdKVcupPC827R,175266
0.582,0.529,-7.637,0.0248,0.00961,0.000554,0.113,0.567,166.134,0vCTQcxSGAgjHaiAsIANKn,231707
0.338,0.562,-7.181,0.029,0.039,0.0,0.107,0.259,149.907,0otRX6Z89qKkHkQ9OqJpKt,248373
0.0623,0.0116,-27.893,0.0567,0.991,0.445,0.0816,0.0331,65.057,0S0YKiEdR9cT9pYgEaTevF,415800
0.692,0.717,-4.226,0.0498,0.111,0.00123,0.044,0.973,119.902,1CZw0Lymzi2Lvy1XZ6rXh5,195733
0.589,0.922,-4.437,0.0504,0.00204,0.00616,0.405,0.603,149.931,1yOlG6kABtuIAHatyf04cw,182973
0.614,0.934,-3.709,0.07,0.0697,0.0,0.121,0.436,116.001,1KixkQVDUHggZMU9dUobgm,174760
0.747,0.705,-5.137,0.126,0.0128,0.0,0.126,0.56,136.024,02M6vucOvmRfMxTXDUwRXu,213507
0.44,0.491,-10.61,0.0746,0.446,0.51,0.111,0.214,207.055,7eG0Fa16yCOf7UVmzNMfcn,206288
0.501,0.377,-5.747,0.0404,0.66,0.0,0.117,0.177,104.979,1gRxJURUiIEpsNGfhIKCrF,204086
0.532,0.495,-6.662,0.0343,0.659,0.0,0.0754,0.308,124.936,4U45aEWtQhrm8A5mxPaFZ7,214240
0.442,0.826,-5.32,0.0775,0.176,0.0,0.0978,0.601,80.848,1BlQWQgGP84r4GYUVty4Ar,213320
0.506,0.485,-14.009,0.0335,1.07e-05,0.344,0.314,0.223,104.007,7L7PZv8DcAycUcNd2QSr1W,175061
0.659,0.53,-4.362,0.0395,0.682,0.0,0.0953,0.301,120.025,5hEHjPDXV6ggyCU5M062Sy,217000
0.169,0.0974,-21.414,0.042,0.864,0.632,0.087,0.0524,170.379,3uLsZpdHrJsR9AjrrxMI66,473893
0.708,0.795,-4.71,0.116,0.0339,0.0,0.362,0.731,95.039,7MkFd0UDHlILDrhBjGZH5K,218996
0.234,0.868,-6.112,0.083,0.000704,8.97e-05,0.156,0.235,136.018,5esEjCEVL5rmkZqN9NuLCl,369343
0.42,0.899,-5.446,0.0745,0.000431,0.000245,0.23,0.193,132.016,6FlCPO7Z0QGgwtIL8ocZzY,297827
0.523,0.626,-9.425,0.0523,0.155,0.0,0.0869,0.917,134.127,383Xl5QTigwj3QiA3Qc6S7,214867
0.737,0.741,-6.638,0.0302,0.118,0.504,0.148,0.212,117.99,3pNnSLPQUHxUrLMoiMNN6d,187119
0.418,0.965,-2.417,0.163,0.0477,3.88e-06,0.561,0.28,139.759,5NSr0xa9Qf4J8xKzDnC0uq,178519
0.601,0.415,-13.701,0.386,0.68,0.0,0.341,0.559,112.527,5YWSlrbFrK7X0ENL0uK9Uz,245957
0.31,0.464,-8.755,0.0275,0.156,8.94e-06,0.132,0.431,144.775,36CKza28wMxYdjdzji7ine,188307
0.803,0.454,-4.802,0.0294,0.352,0.0,0.0655,0.739,99.99,7k6IzwMGpxnRghE7YosnXT,192213
0.406,0.746,-7.838,0.0524,0.403,0.0816,0.305,0.59,93.056,4ZAcQgIlpV5z7k7evEF0MJ,441427
0.596,0.856,-3.556,0.0346,0.0211,0.0178,0.141,0.743,127.949,6YUTL4dYpB9xZO5qExPf05,222533
0.581,0.0549,-20.514,0.0397,0.559,0.0,0.0718,0.234,152.037,3B7udSGy2PfgoCniMSb523,300840
0.527,0.789,-6.052,0.0422,0.23,0.0,0.216,0.321,132.042,0IpYDPNzFWxcLgZDkkrc5C,238960
0.886,0.722,-5.185,0.198,0.0183,2.35e-05,0.0826,0.51,144.042,3RvLAm0ESbUOUZOD7sF4xn,227912
0.629,0.393,-14.253,0.458,0.773,0.0,0.118,0.516,75.829,29BtteJHBSB5iwnxUwJxpJ,82720
0.379,0.489,-7.051,0.0281,0.293,8.83e-06,0.721,0.0871,140.937,35WtFQK3iG2WPjstuuKaVc,568791
0.77,0.449,-8.783,0.358,0.472,0.0,0.107,0.452,130.092,1YM7Y7W1e2nsAV19XhPKV5,179148
0.731,0.544,-9.89,0.0628,0.0936,2.19e-06,0.179,0.173,126.088,1rmrL0td2jg9a1wKs49d8g,185067
0.395,0.252,-13.589,0.0301,0.8,0.0,0.101,0.126,177.679,4LFwNJWoj74Yd71fIr1W8x,264333
0.388,0.372,-10.358,0.0908,0.516,0.0,0.0459,0.379,151.408,4IXqSuke78QkZgNRR8dtrf,154738
0.842,0.488,-4.116,0.05,0.0797,0.0,0.122,0.0941,100.524,4Tb9fdkiPg7m4DZN0WwG1e,205427
0.552,0.368,-6.804,0.0383,0.816,0.0,0.093,0.486,116.981,3diDPfrvqfnXcCIYzU11eP,211309
0.758,0.397,-11.169,0.0745,0.634,0.0,0.272,0.289,96.0,6RObO033GGC7mReVoRQJPU,102468
0.283,0.573,-5.608,0.0308,0.00972,0.0,0.202,0.284,135.326,1cAB6Q8DNv5T7LmqBwcgRs,221778
0.133,0.0297,-29.885,0.044,0.98,0.956,0.0906,0.0322,88.834,63zmiYZRPVSRLoYXbqfLPv,237794
0.689,0.784,-2.972,0.074,0.182,0.0,0.0843,0.561,99.954,6DkXLzBQT7cwXmTyzAB1DJ,263173
0.604,0.815,-4.552,0.0553,0.331,0.0,0.339,0.605,75.978,7rhryng8NGv5rVCi6Qf2g5,222760
0.788,0.844,-3.131,0.0334,0.25,0.000678,0.0723,0.382,113.324,6ic8OlLUNEATToEFU3xmaH,251240
0.595,0.0948,-22.367,0.0513,0.976,0.856,0.0996,0.0351,103.698,7iwPScs3ZX68XPcHDBQ40W,78808
0.608,0.572,-6.099,0.031,0.174,0.0,0.237,0.226,98.989,2tXZxXmknsaVTNTaCvnlx8,248387
0.742,0.713,-6.552,0.0577,0.0718,0.0,0.689,0.476,119.919,2GO3CaepDf3I1UcdPNCWbv,262500
0.638,0.51,-6.485,0.305,0.344,0.0,0.212,0.448,114.576,2Zg0aB5oVQlbQE1vzQmIIY,167107
0.535,0.505,-8.926,0.245,0.0393,0.0,0.0923,0.495,99.935,0uEp9E98JB5awlA084uaIg,320267
0.68,0.484,-13.829,0.0761,0.44,0.905,0.176,0.0723,122.044,4KyEeZwIuoFH0n68qvl35b,247869
0.79,0.279,-14.935,0.0945,0.776,0.262,0.0936,0.714,79.998,6ulzbP2FPXGTdVoSFEyLdQ,202012
0.727,0.729,-2.99,0.326,0.171,0.0,0.07,0.512,117.932,22UDw8rSfLbUsaAGTXQ4Z8,284733
0.747,0.226,-13.635,0.0414,0.908,0.000168,0.107,0.778,123.792,65jrjEhWfAvysKfnojk1i0,161960
0.396,0.947,-2.652,0.0477,0.00115,0.0179,0.089,0.443,93.043,5JAnXx5BBES4FEf4d4t4CC,441132
0.708,0.463,-12.213,0.066,0.988,0.897,0.11,0.979,156.053,0l6ROV67XhpIya3RvGzkvX,109712
0.571,0.779,-2.864,0.111,0.135,0.0,0.202,0.261,186.154,1BSncOsSJPQkpl29QM0ipj,186296
0.742,0.882,-2.862,0.117,0.0466,0.0,0.206,0.463,102.04,48QmG1dfvMuYLxMPt7KSRA,221176
0.445,0.642,-3.869,0.048,0.417,0.0,0.115,0.171,122.48,279pUgFYUdt2Xiejs8s2Ml,221547
0.209,0.417,-8.74,0.0338,0.164,0.00196,0.113,0.124,138.178,7LVHVU3tWfcxj5aiPFEW4Q,295533
0.826,0.635,-5.181,0.212,0.102,0.0,0.245,0.808,119.954,14X1WxiHXdVRJ99cMCBzOE,224916
0.236,0.511,-10.788,0.0442,0.407,0.281,0.346,0.227,80.973,4z9KVNX4hmk672SJfhtQNz,224655
0.181,0.922,-3.781,0.143,0.000189,9.13e-06,0.246,0.419,169.991,52Qj6lxxHdKtzhvNxttlkH,204213
0.544,0.387,-14.655,0.265,0.419,7.61e-06,0.104,0.441,73.004,14roXYYV8TvsZIKWluBsW6,160998
0.825,0.572,-6.067,0.0864,0.0079,0.0,0.113,0.568,141.991,75lcPkAkUsKWHGBlGM476R,175954
0.542,0.905,-5.653,0.054,0.00172,0.0104,0.136,0.374,153.398,0ntQJM78wzOLVeCUAW7Y45,203347
0.259,0.437,-6.589,0.0386,0.102,1.32e-06,0.106,0.0951,180.042,1j4kHkkpqZRBwE0A4CN4Yv,239000
0.182,0.796,-5.296,0.0541,0.000893,0.0,0.381,0.409,95.928,0p0rymFaXP8hLTFkXf0IJg,227554
0.375,0.121,-23.44,0.0406,0.984,0.871,0.0984,0.453,147.398,0Gh45IbIKOG9IucFfrZqLT,424307
0.559,0.521,-7.916,0.0308,0.556,0.0,0.112,0.278,76.541,1vf2fGxOHfMF1N4DdYLezO,212633
0.35,0.323,-19.458,0.0345,0.854,0.88,0.235,0.6,173.122,7z4EbJbnbvWcP9Bg15fpgC,321157
0.223,0.523,-9.281,0.0466,0.435,0.283,0.225,0.15,179.83,22TntnVO3lQNDR5nsvxGRs,422147
0.671,0.673,-6.941,0.0444,0.148,5.29e-05,0.304,0.494,121.963,1SOClUWhOi8vHZYMz3GluK,237720
0.87,0.523,-8.052,0.0602,0.433,2.07e-05,0.113,0.319,110.02,09gysnJpfQ3ublBmJDfcEC,204764
0.286,0.452,-6.955,0.0295,0.281,0.0,0.0979,0.136,134.624,4circMk64yelqAX1jUHGV0,243556
0.471,0.549,-5.696,0.0315,0.331,0.0,0.0729,0.141,83.681,2IIdrejPZuHHFpc3LbTtEK,227853
0.742,0.67,-7.192,0.0425,0.0356,0.0358,0.0755,0.672,94.994,1hCD7X2223N2Jt4MzKIe3C,352867
0.433,0.91,-2.547,0.0643,0.00173,2.99e-05,0.122,0.303,83.408,4SupI9OXg3hwrymR85hkhL,319800
0.572,0.991,-3.26,0.056,0.00263,0.0,0.402,0.704,128.049,0xdHxI8iKatXB8PYWKRi74,231106
0.362,0.981,-4.148,0.132,0.000108,0.0,0.582,0.68,152.827,3z2w0B7scy65Z1qnFaoM15,128360
0.596,0.253,-14.369,0.0349,0.896,5.17e-05,0.102,0.368,95.162,0eBryM7ePQH3Klt3jz8xZd,188878
0.493,0.691,-7.362,0.034,0.043,0.842,0.193,0.164,91.991,1vgFrwxfhChZwJTHuTM3Zo,294783
0.658,0.493,-12.815,0.243,0.156,0.0212,0.33,0.724,109.981,5lscUlFdYnRXrV3RRbANDw,147273
0.824,0.697,-8.245,0.0372,0.00899,0.682,0.0651,0.261,125.998,4mVDVfxY3ODiBZiFj77qZ1,343560
0.599,0.853,-3.878,0.0365,0.00123,0.000504,0.37,0.676,94.997,4yXNMbZrsFJbPTH0WfhwEB,204507
0.599,0.448,-6.312,0.0232,0.163,0.0,0.106,0.168,95.05,0tgVpDi06FyKpA1z0VMD4v,263400
0.358,0.921,-2.467,0.0695,0.171,7.64e-06,0.358,0.476,139.256,41pOIT2t1rvr2Trg1HQChZ,249227
0.488,0.862,-7.595,0.0476,0.0204,0.0,0.359,0.706,104.56,1FkoVC85Ds3mFoK0fVqEqP,257827
0.43,0.382,-9.246,0.0527,0.711,0.0,0.174,0.262,89.629,2aSwLAh4d0IM4PqCGjxnya,203064
0.619,0.686,-6.534,0.0506,0.167,0.0,0.114,0.609,139.916,1JVefYHGnKd8ZjyaqWmTpz,244067
0.369,0.272,-10.497,0.0364,0.866,0.0,0.147,0.218,172.929,5JCoSi02qi3jJeHdZXMmR8,152667
0.688,0.648,-8.771,0.0396,0.00127,0.631,0.116,0.144,120.023,6qUBnm38dI8yYuCKyLN04W,276010
0.664,0.939,-3.594,0.0805,0.228,0.0341,0.048,0.358,179.999,57mYDr5l9wKhQUsFCs7Mf6,166583
0.446,0.84,-4.539,0.313,0.567,0.0,0.0967,0.433,150.686,3nKRYKbGxhzv4BbwlLOcWU,323267
0.732,0.94,-3.683,0.287,0.0212,0.869,0.168,0.0537,74.996,6YMq1v6wu5iLezbCFDcUWw,193287
0.739,0.821,-4.233,0.0852,0.222,9.6e-06,0.311,0.693,171.077,1m69ELEgE6k5ZWsap40ozt,188080
0.369,0.452,-4.214,0.033,0.604,0.00106,0.127,0.386,148.695,1Qyt1vzKvsNlZhMepIxpbo,330360
0.677,0.556,-6.544,0.0306,0.263,0.0,0.105,0.521,80.006,1HXy5I3HTWq8OvxCn0z7G7,179507
0.586,0.267,-14.438,0.0609,0.921,0.0052,0.119,0.24,148.002,36L0Js6sTcH7JDLw20Ehxb,149392
0.762,0.598,-5.375,0.0665,0.00801,0.000155,0.0599,0.724,81.499,7sOV7aB4OhxzbB1qaZbzoU,172213
0.24,0.712,-7.511,0.0548,0.00413,0.00276,0.281,0.106,154.826,50jlYqdUXClcYwzwNSy27c,334652
0.526,0.436,-6.02,0.0232,0.0981,7.69e-06,0.118,0.286,96.903,0GVxSbigOiKlGfI30Uw00X,175693
0.697,0.944,-2.796,0.0327,0.00173,0.000162,0.32,0.846,119.994,5legkLUDyq0qOg4TR7wUAs,223627
0.211,0.931,-4.595,0.0996,7.74e-05,0.842,0.207,0.112,179.936,1rqhuNQ1sFQQetLNgdT0n9,227891
0.483,0.615,-8.538,0.0497,0.452,0.000414,0.0512,0.594,80.576,6Vjk8MNXpQpi0F4BefdTyq,517125
0.556,0.92,-4.606,0.0367,0.00271,0.00021,0.117,0.771,121.138,3mwvKOyMmG77zZRunnxp9E,159227
0.378,0.959,-4.615,0.062,3.56e-05,0.000138,0.102,0.338,174.932,0DkmhHO4yyqCJFjosmmWPU,234093
0.29,0.48,-6.583,0.0296,0.116,3.03e-06,0.626,0.382,112.62,2Guz1b911CbpG8L92cnglI,229235
0.851,0.406,-11.631,0.0661,0.219,6.41e-06,0.0853,0.792,97.84,4kOfxxnW1ukZdsNbCKY9br,226880
0.614,0.217,-10.854,0.0401,0.558,0.00162,0.193,0.182,143.038,76OAZqFWOFimUn1iEiqNAf,384880
0.407,0.236,-16.189,0.0291,0.777,0.812,0.107,0.122,170.136,3on9znKmGp0TaYcWPhqdVE,228400
0.357,0.837,-4.083,0.0458,0.0213,8.63e-06,0.298,0.0395,174.096,4tElcYfEro42oZe7X6AbEf,242947
0.548,0.208,-21.278,0.0421,0.764,0.22,0.0929,0.79,144.352,4ZP3UMVksKg07IeeAjHkEy,230507
0.8,0.696,-5.354,0.393,0.0818,0.0,0.121,0.628,159.953,71DReAbBp5AfCwCqakfqmQ,137770
0.794,0.624,-5.112,0.0616,0.0173,0.0,0.0503,0.759,102.006,687yWDt3kcazmrjEBKjT0n,251800
0.434,0.944,-2.641,0.0581,0.0769,0.0,0.151,0.361,162.02,2YjKcFQ1vYFhQPgsmCOjss,242093
0.789,0.796,-10.96,0.04,0.0317,0.003,0.261,0.714,114.329,7hICqTvF8m3qTwhb2TRv0z,517147
0.433,0.985,-3.358,0.242,0.000687,0.0,0.403,0.327,100.223,3WsgkhWH001sMkbZVcjreS,193107
0.682,0.973,-7.806,0.0441,0.000753,0.83,0.0999,0.505,95.002,1aIywmwn1iDDqcOBp9lLn8,106737
0.556,0.915,-4.319,0.0453,0.00021,0.0,0.242,0.428,110.013,3ZGg4pT1YGY4RgFYV1mbco,235040
0.391,0.378,-10.805,0.0268,0.567,1.43e-05,0.0569,0.225,81.99,2ZJsSwgtP4PNV6QqiNEL9r,245431
0.286,0.914,-3.929,0.0905,4.94e-05,0.000255,0.0838,0.485,140.042,5VToMJACRoeT0YZNs5CYyp,197853
0.528,0.727,-5.559,0.0768,0.614,0.0,0.33,0.531,102.556,1b2ruXa4Q5aN7WGHYigwf9,53000
0.722,0.845,-4.446,0.0308,0.287,0.0,0.0561,0.965,130.13,3FteycP8CaXS1MhjcXekVT,204754
0.552,0.689,-6.444,0.0425,0.0915,0.0,0.27,0.349,99.961,46jLy47W8rkf8rEX04gMKB,169773
0.328,0.249,-11.777,0.0272,0.754,5.77e-06,0.134,0.162,81.257,1rxoyGj1QuPoVi8fOft1Kt,165667
0.681,0.707,-8.554,0.0563,0.179,0.688,0.0766,0.26,126.049,6rAxlRdBTz4NzSZH3OnxjH,253333
0.637,0.129,-17.082,0.0346,0.887,0.0,0.0719,0.298,125.802,77enz5hl8RicxrbPB56VXQ,227619
0.659,0.812,-7.499,0.0487,0.23,0.0,0.0951,0.888,83.014,0gPQTLaqHDgdupKEok7J2x,235133
0.389,0.597,-8.436,0.0308,0.534,0.406,0.144,0.506,143.943,7wmFsS43fO8vAg0vcr776N,400560
0.54,0.887,-5.518,0.0324,0.0187,3.19e-05,0.0275,0.255,108.02,4k7P2LIQco8YCVbIZl1vZB,281347
0.719,0.868,-5.705,0.0919,0.0385,1.88e-06,0.0947,0.613,111.976,1XghUZVP5lD9r11zSq6hdW,220040
0.608,0.771,-6.794,0.119,0.0129,0.0,0.103,0.188,157.014,1hNB6yhK6ppRojvMyCsQoH,119674
0.508,0.72,-5.908,0.0628,0.272,0.0,0.0563,0.472,79.983,2MfOcbtgz2yTsiznFmVZUN,261640
0.627,0.589,-9.056,0.0405,0.497,7.05e-05,0.324,0.247,115.284,4kTLpAbhuEGHAAdDjOIWaa,295293
0.529,0.857,-6.619,0.0413,0.862,0.948,0.187,0.969,100.013,3E5WEtPAWKbzYU3RmRTY2H,81600
0.45,0.884,-4.413,0.103,0.00096,1.28e-06,0.12,0.373,117.032,29EJzcX46MvRdaDsD3hucz,248840
0.363,0.355,-9.877,0.0457,0.371,7.43e-05,0.0814,0.19,180.364,3Y1JP1ulhlpgCqRzMQhVJr,266533
0.489,0.581,-6.586,0.0308,0.083,0.0,0.13,0.308,147.966,7pJB2CjZQUt4Ig1fdPQl5s,268667
0.62,0.936,-4.593,0.0308,0.0261,0.0,0.0679,0.763,97.527,4YwbSZaYeYja8Umyt222Qf,175747
0.592,0.649,-5.724,0.0292,0.316,0.0,0.112,0.409,149.95,4WpvTgKsoU6efxHued4HBt,276467
0.407,0.656,-7.088,0.0413,0.00746,0.255,0.343,0.39,173.954,2x2SotEkKozaFh6H1aVnOZ,249347
0.734,0.95,-3.541,0.0868,0.00467,1.01e-06,0.17,0.824,108.152,6OHZ4qXzbRtasiQhGKjPyo,202400
0.644,0.4,-5.713,0.0304,0.214,0.0,0.0866,0.227,115.025,1CRtJS94Hq3PbBZT9LuF90,243200
0.609,0.444,-9.129,0.106,0.603,6.86e-06,0.104,0.166,118.402,3XVBdLihbNbxUwZosxcGuJ,228707
0.677,0.79,-7.642,0.126,0.0971,0.0,0.0778,0.244,74.02,2ldkZNBd7DMEtAApOQPkfY,231669
0.795,0.437,-14.459,0.0955,0.105,0.00159,0.111,0.531,102.91,4qe38LXj9C897DF4QFaUyE,332810
0.762,0.766,-3.955,0.0343,0.00776,6.98e-05,0.128,0.442,130.001,5fwSHlTEWpluwOM0Sxnh5k,287120
0.707,0.67,-7.305,0.124,0.225,9.7e-06,0.105,0.495,99.944,7LlqUqMSJ9jrxX834FQHF4,198053
0.213,0.686,-15.09,0.0661,7.45e-06,0.0701,0.0972,0.304,102.582,5xXeIlEiWIA8xnPa8BkJyj,246067
0.697,0.829,-8.869,0.0399,0.0314,0.283,0.307,0.0398,125.027,16IzV3JdxmR3X10ZbWHlfB,218653
0.908,0.669,-2.827,0.0738,0.00286,0.0,0.237,0.662,112.238,7lQ8MOhq6IN2w8EYcFNSUk,290320
0.64,0.963,-2.732,0.0736,0.0387,0.0,0.312,0.783,134.954,6JKcJHilLDoyGOOXkrEprg,93887
0.782,0.559,-7.106,0.0767,0.125,0.0,0.385,0.685,129.992,6jRq8gaZhMUyy5RclRPcAf,188344
0.495,0.856,-5.123,0.0311,0.000219,0.0,0.103,0.609,158.024,6IbnUaczZBT34DhaD6S18F,154667
0.733,0.652,-9.101,0.0696,0.419,2.37e-06,0.521,0.459,99.998,4RnCPWlBsY7oUDdyruod7Y,200093
0.625,0.717,-6.961,0.075,0.00746,0.899,0.897,0.366,171.981,6k85Jbv42NqWO2u4lflvdu,346047
0.62,0.722,-3.224,0.0315,0.473,0.0,0.0599,0.473,127.923,6NkYZg4IRJOqDSKXFTOzza,251250
0.741,0.761,-3.871,0.0512,0.235,0.0,0.119,0.217,81.543,4fC5jw1TI59GH1emfN1wtk,149576
0.394,0.35,-7.751,0.0323,0.517,0.0,0.0738,0.163,125.941,2smg1NNlkCgQNLbqwdn3bv,203928
0.916,0.756,-7.653,0.188,0.0942,0.0,0.23,0.756,115.69,7KVPsVMOK3NL7subwJ0dZj,151539
0.63,0.267,-8.483,0.0312,0.703,0.0,0.121,0.29,127.54,3sBZpHk3BKgRZNMydGA73M,216107
0.512,0.445,-11.642,0.0354,0.757,0.024,0.0619,0.333,158.002,5bo4GgEbo5OCKasfgIlVeO,269740
0.385,0.976,-3.788,0.252,0.0329,0.00767,0.445,0.206,160.977,4NPIkDt08kLz70gHOrO5uU,250227
0.713,0.735,-8.542,0.0468,2.77e-05,0.897,0.0888,0.686,128.0,7qF9ZcGHkP9IQINswrY0NF,471300
0.671,0.463,-8.534,0.0439,0.391,0.0,0.162,0.347,85.002,5ngcqrs4Xq915GUqNtNNr5,208533
0.68,0.895,-7.144,0.0378,0.0156,0.000374,0.145,0.824,93.037,6GKGoi0FHzldk1ZRQoV1fv,189375
0.565,0.469,-6.763,0.0281,0.764,5.69e-06,0.0878,0.0873,129.985,6jsDhixAjBtkNcv9KFYaYl,195147
0.893,0.74,-4.936,0.132,0.299,0.0,0.0881,0.963,101.025,4675yUu8AUbE72T94BkLCD,299147
0.502,0.912,-4.556,0.0564,2.55e-05,0.000173,0.106,0.72,116.761,4CeeEOM32jQcH3eN9Q2dGj,301920
0.87,0.565,-5.356,0.0581,0.0631,0.0579,0.104,0.646,100.041,0QsZ3W21xNvnUnUMbiAY4z,153922
0.796,0.61,-6.107,0.106,0.00752,0.333,0.0343,0.587,129.857,1DQTqy12WHN9drwf0X8YK8,362000
0.719,0.732,-9.227,0.0408,0.319,6.51e-06,0.0745,0.96,123.569,68MSCSP7Y6PnzXcW1IlN7G,213200
0.398,0.903,-5.299,0.0449,0.0002,0.901,0.252,0.124,174.035,0uryR2h5CovP64xlud4DGZ,408376
0.475,0.807,-3.959,0.0332,0.0136,6.74e-05,0.109,0.731,145.179,0vKt8MR7mVWJ7uWH93HYzl,200000
0.517,0.537,-6.341,0.0272,0.401,0.406,0.113,0.332,73.847,0WmYMaZFDs6qsPzpnEXRM5,202840
0.585,0.408,-9.223,0.261,0.513,1.33e-05,0.102,0.3,109.986,7xVfBpzIdrQFfY0Vc9RVrU,158798
0.705,0.738,-5.402,0.0289,0.0102,0.000189,0.308,0.504,133.027,74wySERHHxB8Ul9A0CNBla,269440
0.376,0.269,-11.951,0.0315,0.845,0.0,0.0795,0.289,86.022,4hIPVoHpk0pICSvbfl8hb7,221933
0.674,0.656,-9.908,0.0659,0.14,1.25e-06,0.292,0.54,129.063,4g41jFFZfRWwWIpTTE8iUR,221388
0.395,0.121,-23.427,0.0327,0.935,0.397,0.697,0.139,114.521,6yKkA8HzwWTZ5taIMaG4Nm,297320
0.742,0.814,-5.074,0.0352,1.78e-05,0.836,0.339,0.178,105.039,1LaMTILNmivxzqujxB4dlh,121143
0.743,0.752,-4.813,0.0414,0.0188,0.0,0.287,0.545,110.015,1XGmzt0PVuFgQYYnV2It7A,231173
0.802,0.658,-7.384,0.189,0.0928,0.0,0.282,0.459,142.078,5jKJWNqwBu3CtQtbUXF5XL,206293
0.426,0.584,-5.293,0.296,0.0383,0.0,0.188,0.272,193.437,2ZBNclC5wm4GtiWaeh0DMx,193213
0.639,0.581,-13.828,0.0302,0.00177,0.797,0.127,0.711,140.044,6VXfcqUZ2HwvbdiA4K1Smo,115406
0.587,0.591,-10.307,0.121,0.101,0.000303,0.242,0.51,138.01,1mVWVHk9hYmYUjEpwf6EGB,111363
0.952,0.683,-9.415,0.142,0.275,1.34e-05,0.196,0.228,130.032,2Sb6PDfIreIALciHW8zE3e,150518
0.564,0.633,-6.576,0.0474,0.021,0.246,0.0885,0.0871,174.001,6TpJhOKOyQruk9eT0eYUop,321379
0.71,0.646,-9.333,0.481,0.026,0.0,0.48,0.294,112.122,54S1giwpOX0NV8ef4WpDH1,280920
0.509,0.781,-3.48,0.072,0.0398,0.0,0.0749,0.176,128.0,60wwxj6Dd9NJlirf84wr2c,271427
0.653,0.869,-4.761,0.0664,0.000599,0.176,0.0942,0.564,174.007,1VoGmQaWfpfw0mcAvKUYaM,312191
0.854,0.144,-16.003,0.183,0.0105,0.0416,0.0698,0.394,156.039,1HYWp373VyfLCEivjXN9hW,92902
0.657,0.429,-12.347,0.35,0.435,1.07e-06,0.137,0.208,139.882,5R1zJJEKZdkW5hrfUT8zUb,135185
0.552,0.347,-9.542,0.0303,0.79,2.15e-06,0.111,0.173,113.809,395KzBy0bkb57dEvg6cfzJ,211653
0.373,0.885,-2.595,0.0813,0.188,0.0,0.378,0.262,185.908,7Mt4SToDG4f8ca5FMkdUtU,243627
0.588,0.61,-5.008,0.234,0.534,0.0,0.303,0.645,99.926,5J4FiKDJIdJ8AKx2gaWMt4,204081
0.678,0.918,-4.63,0.0355,0.000417,0.0,0.0744,0.769,130.028,1nZzRJbFvCEct3uzu04ZoL,216160
0.756,0.297,-8.48,0.0396,0.487,0.0,0.0994,0.642,109.963,1X9XRjQ6lkHZAouznupAem,213120
0.877,0.777,-4.246,0.117,0.0446,3.46e-05,0.0863,0.706,102.02,059bcIhyc2SBwm6sw2AZzd,231848
0.791,0.654,-7.109,0.0416,0.126,0.0,0.0839,0.5,97.989,7tKq9trkd46V1zWLD5ZWFM,161633
0.611,0.644,-7.607,0.0553,0.124,0.0,0.124,0.13,105.969,6jA8HL9i4QGzsj6fjoxp8Y,221904
0.85,0.263,-11.615,0.0657,0.895,0.000293,0.0909,0.534,127.942,4HTJiMQL5H3LH280vae5X2,218868
0.517,0.224,-14.195,0.0403,0.929,0.000104,0.335,0.44,87.206,7zETyhThy0BMlOrJFK7Xb7,256602
0.537,0.246,-21.545,0.0584,0.273,0.911,0.138,0.768,120.034,5ocYLXFoqJ2D4Occ2Xepj0,108000
0.629,0.473,-5.571,0.0331,0.683,0.0,0.152,0.245,84.822,6NbdLcRduH8VWgBrX2fJby,174050
0.398,0.153,-15.476,0.0427,0.945,0.0,0.0835,0.506,146.976,0EbFmS2uZycsxJfg6jvlrn,140000
0.634,0.662,-7.543,0.0325,0.000479,0.00142,0.111,0.244,90.011,2bzitsPcImYC6DZWvvLCQi,210933
0.791,0.51,-8.962,0.358,0.244,0.0,0.0837,0.751,79.992,2r2iqX84N1mehbh9ATyiPs,149469
0.541,0.591,-6.688,0.0336,0.289,0.000431,0.124,0.116,111.676,0cBPuDA3xUjR4Vh9o7CKy8,306320
